patient_id,address_id,end_date,has_postcode,imd_rounded,start_date
1,751,2017-01-14,T,25700,2003-12-31
1,643,1966-12-21,,28700,1953-07-09
1,-361,2014-05-17,F,2200,1955-12-11
1,880,1984-05-25,T,14500,1966-05-26
2,998,2007-04-20,F,9100,1971-11-17
2,-703,2021-03-12,F,2500,1992-06-23
2,-738,1980-03-03,F,16100,1952-03-25
2,-808,1985-05-25,,27500,1977-08-05
2,614,2005-01-03,,19500,1935-10-25
2,-923,1963-03-14,F,29300,1953-06-19
2,-887,2024-02-12,T,14700,2003-07-01
2,-517,2024-05-31,T,25800,1980-03-02
3,-161,1989-03-03,F,13200,1979-09-14
3,722,2019-05-01,,7500,1993-02-28
3,-933,1975-10-03,T,25500,1975-06-09
3,870,1966-11-05,F,27600,1966-09-20
3,594,2012-03-03,,700,1999-04-12
3,-623,2015-03-06,T,13300,1973-12-30
3,-573,2007-11-26,T,30900,1997-09-07
4,848,1992-07-12,F,14600,1958-04-02
4,-416,2013-10-22,T,25100,1971-08-06
5,265,2023-08-12,,20200,2023-02-08
5,-327,2025-11-21,T,22000,2024-03-02
6,811,2024-08-07,T,15700,2023-01-13
7,35,2021-03-15,,26300,1994-12-23
7,-651,2010-09-15,T,21100,2000-10-09
8,-812,1964-07-06,T,11000,1952-02-29
8,100,1989-04-16,,11000,1955-07-24
8,379,1952-04-03,,14300,1947-11-15
8,-330,1986-11-24,,18000,1986-06-06
8,988,1953-10-15,T,15700,1945-08-25
8,856,2010-08-13,,20300,1998-05-18
8,176,1952-01-26,,25600,1928-12-08
9,-610,2002-12-10,,16600,1998-09-27
9,-510,2006-03-28,,700,1996-03-12
9,-157,2002-08-22,,13000,1992-06-17
9,-721,2009-09-07,T,16600,1985-11-04
9,345,1993-12-12,,32100,1989-08-16
9,-268,1977-01-18,,27700,1971-03-20
9,247,1990-04-12,T,11500,1974-05-26
9,-111,1982-05-26,T,18500,1971-12-17
9,-776,2025-06-02,,18500,1986-02-23
9,-961,1978-09-13,T,27700,1970-01-14
9,932,1998-02-24,,16900,1971-10-20
9,936,1999-03-30,T,13000,1973-03-18
9,-324,1986-06-20,,24900,1969-01-18
9,797,2002-02-16,,18500,1994-09-08
9,-9,2013-10-20,T,13000,1977-09-30
11,232,2012-11-15,,7100,1991-04-24
12,-49,1971-04-12,,23400,1958-11-19
12,-707,1934-06-01,T,12600,1932-06-30
14,295,1989-10-11,T,4600,1986-12-07
16,-580,2024-12-12,F,22900,2022-05-09
16,70,2021-09-18,T,11000,2016-09-23
16,-241,2019-07-23,T,2800,2014-01-17
16,-334,2021-12-01,,17000,2018-12-30
16,39,2021-02-21,T,25400,2013-05-08
17,674,2002-10-15,T,16600,1994-08-16
17,-204,2022-04-02,T,32100,1940-08-22
17,506,2007-05-29,,28900,1967-06-20
17,-222,1946-06-28,,27700,1935-06-07
18,-58,2009-06-11,F,32700,1930-05-24
18,-592,2023-05-14,F,4300,2019-09-09
19,784,2024-08-26,,6000,1994-07-21
19,-443,1996-11-05,,26300,1986-07-12
19,371,2024-01-26,,4600,2013-12-11
19,795,2026-03-11,,18700,2006-02-20
20,258,2012-02-15,T,10000,1974-07-15
20,824,1960-03-29,T,16200,1907-07-31
20,393,1987-08-19,,8100,1958-12-30
22,-943,2015-09-18,T,28900,1961-05-17
23,655,2024-04-17,F,18000,2005-08-10
23,733,2022-08-13,T,6000,1987-05-07
23,883,2005-09-14,F,14300,1980-12-27
23,-52,2009-08-09,,27000,2009-07-01
23,-810,2011-09-16,,5800,1974-03-05
24,-477,1956-09-12,,30500,
24,-212,2022-03-13,,13500,1947-01-02
24,-30,1985-04-01,,32300,1956-01-24
24,452,2015-12-06,F,26900,2001-12-29
24,948,1964-05-15,F,14900,1945-11-05
24,340,1974-11-13,F,17100,1945-03-01
25,-720,2014-08-14,,19000,2014-02-04
25,-560,2024-03-07,,9300,2014-08-14
26,406,2004-05-12,,2700,1973-11-17
26,-853,1996-02-01,,23800,1968-03-04
26,-325,2001-05-19,F,22900,2000-07-23
26,875,2014-04-13,,21100,1958-05-08
29,624,2023-11-19,,10500,2017-11-13
29,656,2024-06-26,,30200,2021-12-28
29,71,2023-08-11,F,5300,2020-01-06
29,681,2025-05-29,,13200,2021-07-06
29,987,2026-01-29,,16100,2023-12-16
29,-367,2022-03-07,,15200,2021-04-19
30,40,1994-09-05,,8900,1987-04-21
30,-327,2003-11-14,,16800,1991-03-31
30,-49,2003-05-01,F,23000,1966-10-12
30,,2002-11-10,T,30300,1968-11-19
30,944,2019-11-09,F,12000,1971-07-08
30,505,2009-07-19,,,2007-12-12
30,343,1989-02-16,F,17800,1978-06-04
30,49,2014-01-27,T,12400,1975-07-22
30,-983,2010-09-24,F,11600,1994-09-09
30,343,2003-09-13,,25300,1985-06-24
30,-357,2011-10-17,F,19800,2010-03-13
30,677,1988-01-21,,2800,1966-10-06
30,-796,1997-02-17,T,15600,1977-07-02
30,-764,2006-07-26,,23000,1979-07-16
30,-167,2021-04-12,T,30300,1995-02-19
30,-451,1983-06-27,F,4400,1968-05-31
30,-896,1972-08-08,T,9700,1967-11-08
30,627,1985-06-18,T,30000,1975-02-18
31,-910,1994-10-30,T,13100,1988-10-09
31,-445,2024-07-10,T,20800,2003-01-11
31,681,2003-10-11,T,12400,1974-04-14
32,514,2024-07-26,F,30500,2019-08-31
32,879,1999-09-04,,7200,1993-07-29
32,837,2019-08-07,F,14700,1992-07-04
32,136,2010-04-09,T,29500,2003-06-25
32,-397,2022-05-13,T,13800,2005-07-11
32,-432,2018-06-23,F,23100,2013-12-05
33,-307,2024-06-01,,3300,1972-01-05
34,19,2025-04-13,,19300,2019-07-16
34,28,2019-06-21,T,16600,2016-07-10
34,-748,1995-03-13,F,12900,1963-08-20
36,-379,2025-12-07,,700,2022-08-31
36,-620,2021-05-13,,24300,2021-05-03
37,160,2023-06-05,,16100,1966-07-23
37,-933,2013-11-21,,18300,1915-09-24
37,-830,1938-08-22,,18500,1914-01-24
38,593,2017-03-28,,8600,1976-11-19
38,-439,1994-09-15,,16500,1953-06-08
38,520,1991-10-12,T,10400,1958-03-17
38,-985,2021-11-24,T,18000,1988-06-30
38,492,2022-08-23,T,4600,1990-05-11
38,796,1957-05-09,,10100,1954-04-26
38,708,2020-09-11,,17500,1974-10-19
38,-328,2010-02-02,,8600,1964-10-29
38,-797,2024-11-12,T,,1959-12-29
38,-192,1968-02-25,,28900,1960-02-27
38,605,1959-06-26,T,26100,1955-10-14
39,-940,2011-09-15,F,32400,1991-10-07
39,355,2024-01-16,,27600,2004-09-26
39,844,2017-11-01,F,24800,2007-02-12
39,-842,2015-09-25,,32300,2009-01-03
39,-942,2004-03-17,,2900,1992-07-07
41,426,2009-10-28,,28900,2007-04-24
42,745,1969-08-29,,30300,1944-03-23
42,486,1946-08-05,,6200,1943-11-13
42,475,1978-03-19,,600,1975-07-23
42,-422,2026-07-27,T,12500,1996-06-21
42,894,1989-11-17,T,10400,1979-05-13
42,-345,1996-06-21,T,30800,1970-07-10
43,-857,2018-10-23,,23100,2005-05-09
43,756,2016-05-11,,4200,2015-11-18
43,346,2017-08-21,,200,2011-04-01
44,-636,2011-06-01,,14000,1934-04-25
44,-809,1986-08-18,,15300,1918-07-11
45,338,1932-09-28,,30900,1922-03-18
45,-430,1975-08-25,,22700,1928-02-23
45,793,1931-11-09,T,16200,1906-10-16
45,-86,1998-09-10,T,2900,1998-07-05
45,434,2008-03-06,T,1000,2007-09-21
45,938,1977-03-21,T,9300,1905-11-24
45,-553,2007-11-12,T,29400,1972-10-06
47,816,2009-11-14,,1400,1985-04-14
47,-216,1991-05-12,,2900,1981-04-20
47,200,1995-12-26,,26300,1995-02-19
47,-878,2017-05-09,,7300,1991-09-28
47,-407,2004-04-20,,17200,1994-03-10
47,427,2017-12-21,,14900,1985-06-04
47,198,1998-11-16,,13800,1987-12-19
47,622,2001-10-22,,27700,1982-10-06
47,-312,2020-05-25,,15700,1996-08-13
47,484,2011-05-13,,2900,2003-07-28
48,-873,2020-05-16,T,25800,2014-12-20
48,-515,2018-08-07,,2100,2018-04-15
48,-497,2023-02-10,,14300,2017-12-08
48,583,2019-04-28,T,17700,2018-07-03
48,-959,2016-07-15,T,11900,2015-11-08
50,-365,2025-01-23,T,5200,2022-12-31
50,927,2019-03-16,T,4100,2010-06-24
51,193,1998-01-12,T,3800,1993-10-15
51,-570,2009-01-12,F,,2002-10-03
51,-607,2023-01-09,T,11600,1995-01-23
54,51,2007-09-13,,27600,1988-05-03
56,40,2018-04-19,,24600,1972-01-28
56,276,1996-08-09,,29000,1981-05-05
56,110,1999-02-07,,21700,1987-02-25
56,-291,1988-11-21,,22700,1971-09-30
57,-708,2016-07-12,,16600,1964-03-10
57,-834,1961-12-31,,,1954-07-14
58,187,2013-11-09,T,18500,1993-03-18
58,368,2020-04-27,,14200,1977-05-04
58,-692,2018-08-02,T,24900,2012-11-15
58,-678,2012-12-20,,14200,1987-03-10
58,-345,1981-03-17,,24900,1981-02-27
58,757,2017-07-31,,,1979-01-01
59,-390,2015-11-25,,26800,2010-06-25
59,526,2021-04-13,F,22300,2015-07-28
59,-139,2026-07-21,T,13600,2025-05-30
59,-777,2026-06-27,,18900,2018-04-23
59,-540,2023-04-21,,8700,2009-06-09
59,-430,2024-04-26,F,5800,2018-09-22
59,-72,2020-07-30,T,14100,2018-11-24
59,407,2024-12-23,F,4800,2012-05-16
61,419,2023-02-27,F,17100,2023-01-24
61,-52,2020-04-11,F,10600,2019-07-09
61,-602,2023-05-19,,1900,2022-02-15
64,-339,2008-01-28,F,28800,2002-06-13
64,-343,2017-12-23,F,31100,1996-07-17
64,-217,2008-02-17,,1500,1996-02-09
64,230,2014-05-30,F,31100,2012-08-23
64,371,2024-07-02,T,19400,2022-11-08
65,722,2011-01-04,F,23700,2009-05-22
65,61,2017-03-28,T,7600,1927-11-09
65,78,2008-09-27,T,14000,1970-01-08
65,79,1953-06-13,T,19200,1939-08-03
65,-387,1952-07-28,,32500,1934-07-27
65,-1000,2015-07-05,,27500,1973-12-13
65,821,2020-04-25,F,32300,1949-08-25
65,-560,1946-02-18,T,5600,1926-05-01
65,202,1989-06-30,,20200,1973-03-08
65,-471,2021-01-09,T,8500,1945-10-08
65,151,2006-07-01,T,11700,1996-11-24
65,649,2026-03-04,F,26900,1933-01-28
65,-180,2006-04-10,F,29600,1984-03-22
65,-471,1952-09-28,F,18200,1946-11-25
65,40,1993-01-07,F,6200,1991-12-10
65,-565,2024-08-27,F,4300,1943-10-13
65,-774,2009-12-29,,19600,1991-06-25
67,-494,2012-10-30,F,13400,2010-07-06
67,142,2019-11-19,,18700,2014-11-25
67,-232,2016-09-29,T,20600,2013-09-17
68,520,2019-04-29,T,12900,2010-01-28
69,661,2024-02-08,,24900,1998-10-14
69,555,2025-11-09,T,700,1998-10-25
69,-665,2015-07-14,T,11500,1999-02-14
70,423,2012-08-11,,31700,2006-11-26
71,-67,2023-02-13,,27800,2009-02-08
71,98,2006-10-23,,21400,1983-08-09
71,235,2008-05-26,,14700,1989-07-06
71,-707,1992-12-19,F,26800,1986-01-02
72,829,2017-04-21,T,29400,1947-04-14
74,843,2002-03-27,T,900,2000-10-06
74,-277,2007-06-03,F,17800,1988-09-21
74,-14,1993-03-25,T,30200,1990-02-22
74,-356,2018-02-13,T,7400,1995-02-08
74,76,2011-08-21,F,29400,1987-02-15
74,865,2017-01-05,,1100,2013-12-06
74,-15,2016-12-12,F,31800,1992-05-22
74,-609,2017-05-11,T,23000,2003-11-28
74,900,2026-04-30,F,28700,1998-02-13
74,326,2021-08-17,,15700,2016-06-23
75,210,2022-06-24,,24600,2008-06-17
75,759,2017-02-18,,13800,2005-01-20
77,399,2013-07-06,T,4400,1996-11-05
77,-332,2025-04-14,T,16500,1963-09-07
78,685,2026-03-13,,9300,2022-08-03
80,208,2003-05-30,,31400,1970-12-07
80,769,2011-10-12,T,11900,1977-01-16
81,95,2000-10-06,,,1979-12-04
81,-976,1997-11-16,F,29000,1993-03-08
81,993,2022-10-02,T,4200,1974-11-27
81,-556,2016-11-16,,16100,1988-08-09
81,-329,2014-04-27,T,10400,1987-02-14
81,-342,2018-03-29,T,32700,2011-09-30
81,855,2020-04-02,F,23100,1982-07-25
81,975,1986-11-26,T,29100,1973-02-25
81,-84,1994-10-21,T,32700,1979-12-09
82,-456,1999-12-05,T,30400,1991-03-25
82,-431,1994-12-19,,12900,1984-03-03
82,616,2025-04-10,,8000,1978-10-09
82,-361,2022-06-14,F,4000,1986-11-12
82,697,2014-06-21,,9400,2013-07-30
82,564,2023-09-19,F,16000,2006-05-22
82,-163,2023-07-21,,5000,2017-11-27
83,-916,2023-11-17,,11100,2016-03-03
83,378,2023-12-16,,30500,2010-10-03
83,573,2022-03-07,,5800,2016-07-02
83,-213,2022-11-07,F,23700,2016-07-02
83,-64,2012-09-06,,16600,2011-12-09
83,809,2014-11-04,,19800,2011-08-18
83,503,2013-02-23,,17700,2010-10-09
83,-631,2014-11-04,F,2100,2014-08-16
83,258,2026-03-06,F,32200,2023-11-19
83,851,2024-01-22,,1900,2018-04-09
83,-415,2017-04-10,,29500,2015-05-18
83,744,2013-05-09,,30100,2010-10-09
83,-884,2023-05-19,F,15900,2018-09-11
84,585,2007-09-08,,19200,2005-04-15
84,-535,2013-05-22,,24800,2002-12-14
84,-217,2026-07-05,T,25000,2016-04-08
84,-448,2006-01-30,F,28800,2004-09-12
84,-790,2018-04-17,T,30500,2008-11-23
85,434,1976-07-14,F,22400,
85,-908,1976-10-06,T,5300,1955-11-19
85,686,2015-04-11,T,19800,1927-09-18
86,-409,2026-09-06,T,0,2017-07-08
89,-702,1992-01-18,F,13100,1989-09-05
89,-68,2002-02-05,,22400,2002-01-19
90,-973,2023-02-27,F,7300,2014-06-22
91,671,2024-09-25,,4000,2018-07-19
91,849,1958-08-22,T,16300,1937-02-15
92,769,2017-07-25,,19000,2007-04-22
92,517,2023-03-14,,3300,2010-03-26
93,582,1979-03-07,,29700,1948-11-28
93,300,1972-05-17,F,18800,1966-01-05
93,747,2026-07-19,T,1500,2019-10-04
94,908,2022-06-25,,3200,2011-11-29
94,992,2006-11-28,T,25900,2004-07-17
95,1,2022-07-18,T,31800,2016-04-18
95,-858,2013-03-29,T,16100,2003-01-04
95,-178,2025-02-26,T,7100,2009-12-11
95,507,2020-04-14,T,7100,2019-12-11
95,972,2025-07-05,,16400,2004-04-14
95,-751,2006-10-19,,28900,2000-05-26
95,-169,2022-07-17,T,7100,2003-05-23
95,507,2023-09-21,,18300,2021-07-29
96,612,2019-10-27,,17000,2016-04-19
96,-691,2021-08-27,,32500,2013-08-23
96,-135,2020-01-29,,8800,2004-05-31
96,273,2006-06-20,,14900,2005-04-12
96,504,2015-05-14,,28000,2005-12-06
96,-435,2014-12-06,,32500,2008-10-29
96,-684,2015-12-23,,32500,2009-08-29
96,-397,2023-06-16,,24600,2018-08-26
97,961,2013-12-04,,29700,1971-12-08
97,311,2018-11-12,T,2300,1991-02-16
97,908,2018-10-11,,7800,1972-07-07
97,171,1992-08-09,F,28800,1991-07-24
97,-716,2022-02-25,T,,1986-06-17
97,-91,1991-11-26,,25000,1980-09-03
97,106,1995-01-18,F,21600,1992-09-27
97,251,1992-10-05,F,24300,1984-08-29
97,-933,2012-08-24,F,24300,2001-02-10
97,999,2006-07-14,F,24800,1981-09-03
97,699,2016-10-20,,25500,2004-08-11
98,-669,2022-05-13,,28600,2018-10-13
98,-416,2017-01-24,F,7800,2008-09-11
98,-566,2022-02-12,F,25700,2015-01-07
98,-340,2013-12-20,,17300,2011-02-27
98,-809,2015-05-06,F,23400,2007-12-31
98,355,2023-08-27,T,10300,2007-12-05
98,793,2026-06-26,,4500,2021-04-12
98,-687,2023-04-24,,7800,2017-01-23
100,-228,2023-03-16,T,29400,2001-12-15
100,100,2017-01-30,,16500,2012-12-11
100,785,1986-08-08,T,17500,1932-04-23
100,386,1981-12-09,,6700,1932-06-25
101,704,1994-09-12,,27500,1984-10-13
102,,2007-09-21,F,24300,1973-10-07
102,-46,1977-11-18,,11100,1961-12-29
103,-732,2020-11-04,,26000,2019-03-18
103,600,2021-12-28,F,10500,2017-01-16
105,-634,1998-12-20,,21000,1970-07-13
106,-898,2010-09-03,,23900,1998-02-02
106,240,2022-07-13,F,2900,1993-07-30
106,-739,2014-08-15,F,12900,1995-10-22
106,442,1998-12-03,,15300,1993-03-11
106,62,2011-03-15,F,5300,2006-12-02
106,34,2010-11-12,T,20600,2006-12-02
109,-820,2007-08-11,,2900,1998-08-13
109,-856,2019-02-25,,14100,2011-08-07
109,-247,1997-07-14,F,5400,1993-11-27
109,-352,2021-09-06,T,17300,2010-03-25
109,332,2005-12-15,,12600,2000-02-04
109,-104,2012-12-17,F,15400,1996-12-30
109,79,2013-10-08,T,2100,2005-09-28
109,-939,2022-07-13,,23200,2007-01-19
109,-147,2021-12-10,T,8400,2004-08-02
109,802,2010-10-26,T,30100,2007-05-20
109,925,2021-06-30,,21000,2004-08-02
109,741,2005-04-30,T,13000,1991-11-13
112,-620,2024-08-18,T,29000,1954-12-10
113,270,2013-03-08,,6200,2011-07-06
113,139,2025-01-01,,17100,2015-12-06
113,-517,1996-07-10,F,16200,1965-06-15
113,-43,2015-12-06,,7400,1950-05-02
113,-479,2007-03-15,,10700,1990-04-21
113,-963,1998-04-27,F,3700,1951-11-09
114,27,1931-09-08,F,5600,1925-06-12
114,-258,2000-05-27,F,10100,1972-12-03
114,-378,2015-04-18,T,15200,1922-09-30
114,187,1989-11-19,F,11600,1981-06-23
114,751,2010-08-27,T,10500,1922-01-27
114,764,1986-10-28,,21400,1956-09-09
114,-456,1988-04-04,T,7700,1959-06-26
114,-719,2014-08-15,T,17200,1954-01-15
115,693,1991-12-01,,14100,1965-11-01
116,-627,2018-05-19,,27200,1993-03-16
116,-387,1958-02-08,T,30700,1944-02-25
117,878,1980-05-17,T,18300,1975-03-10
117,599,1945-12-14,T,13000,1935-12-02
117,-902,2008-06-02,T,24900,1978-03-28
117,-179,2022-08-05,T,31800,1993-04-13
117,872,1947-12-20,T,31800,1931-10-30
118,691,2012-12-17,,4800,1994-12-19
118,467,1996-09-02,F,20600,1993-11-12
118,674,2006-06-22,F,17500,1986-11-04
119,726,2005-11-01,,,1976-02-03
119,-124,2017-11-15,,14900,1972-06-09
120,-437,1958-11-04,T,15600,1930-03-07
120,-406,1972-03-19,,29100,1951-12-06
120,-138,2022-07-27,T,28000,1962-02-19
120,503,1998-09-18,,13900,1963-05-09
120,-289,2004-05-20,F,21700,1961-09-09
120,683,2024-03-01,,28800,2012-06-19
120,-380,1982-06-28,T,28000,1962-08-03
120,220,1997-12-16,,21700,1958-10-31
120,688,1998-11-24,,31300,1953-12-09
121,850,2011-07-06,,16400,1992-05-28
121,6,2019-03-15,,5400,1991-08-26
121,-992,2012-06-29,,27900,1987-08-23
121,-64,2016-07-10,,23300,1995-03-26
121,-371,2010-03-01,,800,1991-12-02
121,-863,2016-03-24,,23200,2008-09-14
121,104,2015-05-13,,500,2010-06-04
121,144,2012-06-05,,18800,2012-05-01
121,216,2013-07-28,,26600,1997-02-06
121,-243,2023-06-01,,25400,1994-06-24
121,-85,2020-01-21,,1400,2012-01-31
122,-34,1995-01-18,,100,1956-05-02
122,-341,2019-10-25,F,5800,1935-07-09
123,-262,2004-05-21,F,2800,2004-02-08
123,-156,2024-11-24,F,18200,2015-12-04
123,833,2016-07-02,F,7000,2005-04-16
123,482,2003-10-22,,7700,1996-07-10
123,718,2022-11-07,,30000,2005-07-21
124,-530,2019-02-20,T,5800,1960-08-01
124,-580,2014-10-08,T,13900,1966-05-29
124,642,2010-08-29,F,4400,1953-06-17
124,-723,2006-03-06,T,19800,1943-05-15
124,241,2015-10-24,F,31300,1973-06-26
124,295,2008-12-18,T,11000,1960-05-26
124,-29,2024-11-03,F,29100,1968-01-08
124,-368,1983-12-10,,32500,1965-07-14
124,-507,2015-01-11,T,12100,1984-09-04
125,-762,2023-04-08,F,31700,2012-03-19
125,-809,2026-06-26,T,15500,2025-11-25
125,-369,2026-03-16,F,31300,2024-04-18
126,939,1966-10-10,,23500,1965-12-04
127,340,2022-02-28,,1400,2007-03-09
127,763,2021-03-01,,17000,2017-12-05
127,262,2019-09-14,,22800,2011-05-19
127,-449,2025-04-08,,32300,2019-09-01
127,102,2015-08-16,,27300,2004-06-09
127,496,2018-02-13,,17500,2016-09-12
127,-302,2014-09-07,,6000,2005-02-14
127,421,2005-05-18,,23200,2002-06-07
127,-455,2018-04-06,,23900,2013-05-08
128,-844,2005-06-15,,9500,1992-10-01
128,829,2016-07-28,,19400,1991-04-21
128,495,2001-04-03,,27300,1993-12-11
129,-525,2026-04-23,T,3700,2024-10-23
129,318,2026-09-07,T,16400,2025-05-12
130,-887,2015-12-17,F,21600,2014-05-15
130,633,2014-12-31,T,25000,2011-06-27
130,-130,2014-08-07,,1500,2011-11-29
131,-613,2024-11-28,T,9900,1995-06-21
132,380,1958-09-11,F,11300,1942-06-08
132,-766,2000-12-04,,4100,1984-09-27
133,68,2023-02-01,,17700,2019-01-05
133,110,2022-05-31,,24500,2007-04-10
134,-917,2009-12-14,T,7100,2006-02-02
134,-861,2017-04-30,T,8600,2012-05-10
134,544,2020-02-05,T,8600,2015-04-13
134,238,2013-01-17,,23200,2007-09-22
135,439,2009-03-23,T,0,1992-08-11
135,-245,2022-08-18,T,7100,1990-03-21
135,510,1958-12-25,T,23900,1937-08-01
136,-310,2024-08-17,,5200,2024-08-09
137,318,2012-10-02,,4600,2007-05-26
137,592,2022-11-18,,6200,1999-11-20
139,-793,2008-10-30,T,,1997-05-01
140,-994,1979-02-20,F,23000,1957-12-04
140,983,2010-02-10,,24300,1936-07-23
140,411,1970-07-22,F,20900,1957-07-01
140,-573,1986-01-01,F,29200,1912-04-07
140,-261,1976-07-08,,24600,1916-02-27
140,722,1952-02-12,,2400,1932-05-02
140,541,1985-06-27,T,4200,1922-05-12
140,,1956-06-28,T,200,1924-12-24
140,-156,2016-05-18,,6200,1925-08-16
140,-156,1953-12-15,F,30400,1910-05-01
141,800,2019-04-26,,700,2017-01-07
141,-918,2021-10-09,,18300,2018-11-24
141,-337,2025-11-08,,700,1998-09-19
141,715,2020-12-30,T,7100,2017-05-29
141,-947,2014-11-28,T,16400,2009-01-31
141,-649,2026-08-17,T,7100,2011-12-01
141,-441,2020-12-17,T,28900,2010-07-01
141,-850,2004-03-29,T,700,1998-07-04
141,-11,2021-05-01,,16900,2014-05-20
141,79,2016-05-22,,32100,2010-03-06
141,785,2019-06-08,,,2012-01-08
141,-632,2018-07-29,,7100,2012-09-08
142,87,2024-06-04,,12500,2024-01-08
142,-759,2025-07-30,T,13100,2019-05-26
142,715,2005-12-14,T,12100,2005-09-03
142,590,2020-06-26,,25700,2016-10-20
142,879,2022-02-14,F,17800,2021-11-13
142,-94,2017-12-12,T,18800,2014-10-17
142,225,2018-01-31,,5800,2015-12-30
142,-380,2019-06-01,,9200,2011-06-10
142,971,2019-11-15,,8200,2008-05-05
142,607,2013-03-10,F,14700,2007-07-06
142,-420,2021-08-17,F,900,2013-07-06
144,691,1996-11-28,,27600,1975-04-03
144,-864,2026-06-17,,15400,1999-06-19
144,-577,1989-12-10,,18100,1980-06-09
144,-780,1998-11-05,,20600,1977-01-24
144,-532,1990-06-10,F,22100,1977-09-03
144,-333,2026-05-11,,22700,1974-11-06
144,785,2022-02-12,T,300,2005-07-21
144,178,1999-10-10,,3900,1990-12-15
145,825,2006-07-28,F,,1998-07-24
145,-579,2020-11-02,T,21700,1994-11-01
145,-876,2013-11-27,F,10000,2012-04-26
145,562,2025-10-11,T,700,2002-05-21
146,-487,1931-07-14,F,26600,1921-04-07
146,-833,1987-05-23,,5000,1969-04-12
146,-195,1939-03-20,T,18600,1924-08-05
147,-891,1999-09-09,T,12000,1988-02-12
147,-979,1995-03-05,T,1200,1956-05-17
150,943,1959-12-30,T,22400,1945-05-24
150,-716,2011-06-05,,4300,1938-05-22
150,461,1986-10-26,F,30500,1945-12-08
150,-582,2000-12-01,T,29700,1997-09-10
150,-83,1969-04-25,,20200,1962-11-23
150,599,1966-08-05,F,25900,1935-12-27
151,868,2019-08-24,F,7800,2018-06-05
151,-969,2026-07-14,F,16000,2015-07-10
151,627,2022-03-24,T,13200,2017-12-26
152,788,2015-05-23,T,8500,2006-03-28
152,334,2006-03-19,,18100,2002-11-30
152,251,2015-04-27,T,7700,2007-11-13
153,38,2025-07-22,,1500,2002-05-11
153,873,1963-08-07,T,16500,1923-06-03
153,993,1973-01-07,T,6400,1966-06-15
155,748,2023-04-13,T,1100,1993-03-02
155,-584,2014-12-05,F,32500,1991-06-16
155,114,2003-09-07,F,5800,1996-09-27
156,-172,1987-03-08,,23800,1922-04-30
156,-68,1956-09-29,,12600,1942-10-19
156,687,1982-07-25,,5200,1981-12-27
156,-591,1970-02-18,,31700,1954-11-26
156,-315,2002-05-20,T,28500,1969-07-06
156,-421,2016-05-04,T,,2002-10-25
156,-941,2020-03-26,,18500,1966-06-01
156,606,1997-05-04,T,28400,1966-03-23
156,85,2009-07-01,T,31800,1990-08-23
156,-384,1938-12-11,,,1935-10-04
156,-294,2009-10-22,,2400,2004-03-01
156,839,1978-04-20,T,25800,1942-10-14
156,-135,2020-07-22,T,12100,1968-04-03
156,-562,1997-03-07,T,1100,1929-08-23
156,-935,1989-12-29,T,14500,1946-07-22
157,-233,2024-03-10,F,9300,2019-05-14
157,623,2022-12-04,,1700,2017-07-11
157,-17,1996-09-26,,10800,1988-06-30
158,757,2009-02-20,T,8300,2005-01-20
158,638,2019-10-07,F,24400,2010-08-29
158,741,2009-06-13,,1500,2002-09-21
159,-423,2011-06-10,F,12800,2009-03-18
159,93,2018-10-08,F,24800,2018-09-11
161,381,1984-04-04,,14200,1913-10-13
161,-999,1987-11-01,,16900,1939-08-31
161,500,1981-08-15,,18500,1914-03-20
161,-663,2000-05-12,T,16900,1953-03-23
161,-117,1915-10-16,T,18300,1912-05-10
161,-239,1915-12-14,T,,1914-12-20
161,-867,1977-12-04,T,16400,1953-05-19
161,633,1979-08-18,,16100,1946-04-14
161,-665,2022-01-15,T,700,2001-10-14
161,-797,1961-06-12,,700,1929-08-31
161,-656,1987-10-25,T,24900,1961-05-09
161,685,2018-05-31,,16900,1997-01-23
161,-291,1936-08-30,T,7100,1915-02-14
161,924,1936-10-24,,28900,1922-06-15
161,34,2007-11-24,T,,1964-06-02
161,-569,2005-03-24,,18300,1958-03-04
161,-850,2003-12-08,,18300,1938-11-25
161,-208,2023-10-14,T,32100,2022-06-26
162,193,2015-03-23,F,20200,1984-04-23
162,474,1988-07-02,T,29900,1957-09-27
162,-452,1992-06-18,T,12600,1955-10-09
162,424,2007-01-14,F,14500,1975-12-23
162,-535,2007-11-26,,5000,1975-05-21
162,-88,1998-07-17,T,24800,1985-04-28
162,-167,2001-04-18,T,31100,1974-06-23
162,978,1997-04-26,,27300,1979-05-30
162,-863,1983-01-04,T,1000,1951-10-13
162,-707,2004-01-08,F,31600,1983-11-13
163,848,2014-06-24,F,30700,1998-11-05
163,380,2020-02-16,T,10800,2007-06-07
164,223,2001-03-28,,27700,1983-10-13
164,828,1946-09-29,F,24900,1922-10-23
165,-541,2005-06-08,F,6400,2004-12-22
165,-231,2014-12-08,,20900,2013-10-04
165,-350,2022-06-12,T,,2011-01-18
165,-111,2013-02-22,F,28800,2013-01-22
165,-507,2024-09-21,F,10600,2010-11-15
165,-255,2025-11-02,F,19200,2009-01-03
165,605,2017-05-07,,12900,2009-12-21
165,349,2026-04-12,,8800,2024-11-04
165,463,2012-02-28,,23100,2011-05-24
165,113,2019-06-07,F,1500,2017-07-16
165,901,2023-07-06,F,20900,2004-03-27
165,754,2023-09-21,,22400,2016-11-21
165,397,2016-08-13,T,4300,2008-07-12
166,-656,2026-04-21,,16100,1987-10-03
166,514,2020-11-14,,700,1936-09-08
166,-850,1993-02-16,,32100,1911-05-14
166,-224,2018-01-01,T,14200,2006-05-12
166,484,1964-10-26,,16400,1925-08-17
167,-21,1966-12-31,T,8800,1931-01-07
167,-114,2022-08-21,F,2300,2003-03-18
167,181,1992-05-07,,23100,1932-07-08
167,-511,1976-05-20,,8800,1950-02-26
167,-918,2010-04-02,T,26700,1941-02-04
169,-408,1960-12-24,,26900,1957-07-22
170,-278,2023-11-23,,900,1989-03-25
170,330,2020-12-16,,32400,1985-06-25
171,37,2013-12-16,,13900,2009-05-16
171,-737,2010-06-26,,21900,2001-07-17
171,-947,2006-08-01,T,20900,2000-02-07
172,24,2016-04-12,,30200,2004-01-04
172,-810,2020-03-27,,2900,2004-10-03
173,-897,1987-08-31,T,9300,1965-03-12
173,854,1986-05-06,T,22000,1964-11-02
173,32,1962-04-13,,8500,1943-12-14
173,338,1993-03-04,,15700,1952-12-27
173,-580,1980-08-31,T,10300,1966-07-17
173,-714,1956-07-27,T,22600,1947-08-11
173,-410,1977-10-04,,600,1941-01-10
174,571,2021-06-22,T,19000,2016-08-30
174,-670,2021-10-05,,29000,2014-02-23
174,63,2023-04-27,F,11600,2020-09-09
174,-537,2025-09-14,F,31700,2017-12-23
174,-314,2025-09-20,T,29100,2023-06-12
174,913,2016-02-17,,15500,2013-12-25
174,226,2023-08-08,F,32700,2017-03-31
174,177,2024-06-25,T,25500,2020-08-24
174,-984,2025-03-18,F,32500,2013-04-18
174,-686,2016-11-19,,200,2015-01-11
174,-188,2024-05-16,T,12900,2022-01-27
174,-882,2015-05-17,T,,2014-02-23
174,-991,2023-09-14,F,14700,2022-07-31
175,-395,2016-12-27,,26100,2012-09-27
175,-744,2025-09-02,,25600,1999-04-14
175,814,2020-10-11,T,22900,1980-10-04
175,999,1981-09-10,T,22700,1978-02-08
175,-332,2001-08-12,T,28900,1984-12-20
176,-172,2007-01-07,T,22300,1979-02-03
176,213,2004-10-22,T,17100,2004-06-01
176,-42,2000-08-25,F,15100,1992-05-30
176,-876,1978-03-16,,17500,1968-11-09
176,-509,1998-07-06,,3000,1969-02-07
176,-25,2018-10-06,,30600,1973-10-19
176,92,2013-07-09,F,29100,1998-06-27
177,498,2023-05-08,T,2300,2013-07-14
178,363,2025-08-14,,14100,2024-12-06
178,-433,2021-07-17,T,5700,2015-10-10
180,-143,2017-11-14,T,16300,1936-02-24
180,47,1960-06-07,T,6300,1950-01-11
181,-616,2025-11-25,T,27500,2024-01-26
182,170,2008-12-29,,21600,1991-10-06
183,964,2019-08-05,,12500,2008-08-25
183,-518,2021-02-27,,11800,1970-10-10
183,-997,1966-05-02,,300,1961-10-15
183,-812,1993-05-11,,17300,1959-07-01
183,-989,1968-09-14,T,600,1957-12-30
184,-261,2023-06-12,,200,2015-04-29
184,-2,2010-03-12,T,14700,2009-12-16
184,-585,2006-11-18,F,13900,2003-05-17
184,448,2024-11-20,T,200,2024-02-16
185,-395,1964-01-23,,600,1952-11-12
185,-370,2016-10-13,T,25600,1989-11-17
185,849,1986-11-03,,22900,1963-07-15
187,-187,2024-02-24,T,19400,2004-03-21
188,510,2016-04-25,T,20800,2015-06-28
188,-350,2016-12-05,,9500,2015-01-25
189,-267,1948-10-03,T,14200,1927-09-15
189,820,1966-04-22,,400,1925-10-15
190,89,2026-07-27,,25000,1966-03-28
190,580,2016-10-11,,16500,2006-11-22
190,141,1974-04-12,F,31100,1935-04-06
190,920,2025-11-14,T,20900,1989-06-16
191,-381,1990-10-11,T,23600,1979-04-01
191,-960,2003-06-09,T,7200,1983-08-13
191,-504,1971-01-03,,29900,1969-09-06
191,886,2016-02-14,T,23100,2010-07-10
191,-818,2008-10-13,T,15800,1985-12-10
191,-481,2025-11-06,,10000,2006-12-25
192,524,2022-10-04,,16100,2009-05-26
192,946,2017-04-19,T,16200,2014-11-05
192,-595,2021-04-19,,11000,2009-02-08
192,-35,2017-05-02,,10000,2009-06-11
192,-258,2021-06-16,,12100,2019-02-10
192,171,2021-04-04,F,13700,2012-04-14
192,-306,2025-08-12,,13700,2025-03-26
192,294,2023-01-26,T,4400,2009-10-14
192,454,2025-04-21,T,17700,2023-04-06
193,-263,2024-07-20,T,8400,2015-01-25
194,-857,2018-03-17,,7100,1942-04-14
194,-492,1995-10-28,,11500,1970-03-07
194,-329,1984-12-23,,700,1957-01-22
194,572,2006-07-12,,18500,1986-12-05
194,546,1977-02-15,,16100,1948-02-27
194,-896,1995-10-04,T,18500,1982-10-30
194,-43,2014-01-28,,16100,1998-01-05
194,472,1977-06-09,,16100,1945-09-23
194,-561,2007-09-07,T,16400,2003-08-21
194,644,2024-03-25,T,27700,2000-08-11
194,-507,2023-05-21,T,18300,1966-10-01
194,364,2005-09-25,T,16600,1982-02-22
194,-69,2025-07-30,T,700,1974-03-01
194,213,1997-12-21,,18300,1991-09-17
194,767,2008-04-04,T,27700,1986-11-21
194,-65,2020-10-01,T,16900,1958-10-14
196,116,2016-05-06,,8500,2001-02-09
196,931,2021-08-19,,27500,2015-01-23
196,84,2015-09-24,F,27600,1992-08-22
197,-494,2018-08-12,,11700,1987-11-30
198,575,1950-09-05,T,10600,1945-09-29
198,533,1998-01-23,F,28300,1960-05-10
198,751,2024-07-04,T,17200,1969-05-20
200,-151,2025-05-28,,28500,2018-04-17
201,-889,2016-07-20,,5400,1926-10-24
201,-746,1985-06-23,T,12500,1932-04-06
201,-160,2012-12-14,,12500,1923-09-14
201,290,2021-09-10,,8400,1968-06-07
201,-715,1975-10-29,T,12500,1907-10-11
202,261,2012-08-04,T,3600,2010-07-19
203,161,2005-03-22,F,15200,1986-10-16
203,-238,2010-07-06,,24500,2003-04-16
203,-947,2015-05-22,T,18100,1990-11-02
204,448,2006-03-22,F,16100,1969-02-22
204,862,1987-11-05,T,27800,1983-11-21
204,284,2023-09-18,T,2100,2001-03-28
204,131,2017-10-23,,15800,1996-06-13
204,-526,1983-08-28,F,30100,1968-05-19
204,-76,2024-06-15,T,17000,2006-10-25
204,-887,2021-06-11,,24600,1955-08-18
204,-478,1992-08-09,T,23100,1981-01-16
204,650,1970-04-18,,27800,1958-05-29
205,143,2020-10-27,,17500,1994-03-23
205,431,2006-09-19,,22900,1994-03-10
205,386,2014-01-16,T,11000,2003-08-20
207,-242,1972-10-12,,,1970-01-17
207,667,1996-02-09,,25100,1988-04-18
209,28,2022-06-27,F,1200,1985-12-08
209,-865,2016-07-31,,19000,2012-06-19
210,204,2009-03-11,,9800,1977-02-19
211,353,2025-09-30,T,31100,1978-01-19
211,685,2002-09-27,T,19300,1959-07-06
211,193,2001-06-05,F,1300,1985-05-21
212,292,2013-07-03,,24100,1976-07-06
212,614,2025-03-10,F,11400,2025-01-21
212,-782,2006-07-16,F,32000,1991-06-29
212,-295,2011-12-11,T,28500,1998-08-06
212,563,1978-10-06,,7400,1974-05-31
213,-934,2025-11-17,F,10100,2025-10-05
213,556,2017-10-20,,7500,2016-07-03
213,942,2018-05-03,T,25500,2017-08-17
213,-203,2017-04-04,F,12900,2016-07-03
214,298,2015-03-09,T,28000,1969-07-12
214,807,1970-03-24,T,11000,1956-04-17
214,-942,2021-07-23,T,16300,2020-12-12
214,468,2002-09-12,,19800,1992-06-22
214,-214,2013-08-04,F,16100,2000-06-18
215,747,2025-05-30,F,3800,2019-07-27
215,600,2025-10-11,,2200,2024-01-22
215,85,2019-01-26,,17000,2018-03-09
216,12,1989-05-05,,14200,1986-01-29
216,-913,1999-05-26,,16900,1971-09-06
216,-434,1990-02-03,,700,1981-10-03
217,-280,2022-12-09,T,17600,2021-05-23
217,128,2026-01-12,,26400,2024-02-23
217,584,2024-05-11,,31700,2022-04-25
217,351,2021-11-27,,31700,2020-05-01
217,-994,2025-06-07,T,16000,2024-07-25
217,-589,2025-01-04,,19000,2022-05-22
217,-9,2026-07-12,T,21000,2020-01-22
217,935,2024-11-16,T,4100,2022-12-30
217,690,2025-11-16,T,26600,2023-08-03
217,422,2023-11-26,T,13500,2021-01-05
217,-533,2026-02-25,,23700,2023-01-22
217,167,2026-03-17,T,29000,2023-07-23
217,-345,2020-12-16,,29000,2020-10-27
217,-973,2025-01-14,,4700,2021-01-05
217,409,2022-09-01,T,22200,2021-11-01
217,911,2020-06-24,T,10900,2020-05-24
217,842,2022-01-26,,30700,2020-08-10
217,828,2024-12-31,T,21500,2021-02-25
217,128,2023-01-12,,22300,2021-11-20
217,43,2024-11-28,,24300,2021-05-19
217,744,2026-09-05,,2200,2025-02-28
218,525,1996-11-29,,7300,1991-04-06
218,-934,2014-02-08,T,28800,1999-09-04
218,-402,1993-09-30,T,31800,1984-03-16
218,-426,2005-03-02,T,28800,1986-12-09
218,-284,2011-05-26,,30600,1982-07-05
219,808,2003-02-06,T,30900,1994-12-12
219,509,2019-10-01,,31500,1982-10-16
219,-880,2008-09-10,,16900,1998-03-02
219,178,2005-10-28,,6100,1975-12-14
219,-916,2009-07-26,,21200,1969-06-06
219,-161,2007-01-10,T,20800,1986-05-14
219,640,2013-01-28,T,1900,1990-12-01
219,-522,2008-10-30,,13800,1977-03-19
220,754,1992-12-13,F,6000,1972-08-11
220,-321,2009-02-10,F,6700,1923-08-20
221,835,2014-11-04,,11000,2004-04-15
221,-473,1998-05-01,F,27800,1995-04-19
221,-347,2019-07-09,,8000,1994-03-02
223,-674,1987-07-06,F,15800,1978-12-21
223,-599,1973-02-20,F,12200,1970-01-03
223,-395,1984-01-09,,13600,1961-09-17
223,-980,2011-07-30,,9800,1966-11-11
223,46,1981-11-16,,19500,1976-04-25
223,977,2006-12-26,F,3100,1994-02-09
223,-668,1980-01-24,F,26600,1961-02-25
223,-191,2012-12-05,,1000,2012-04-02
223,-304,1997-11-05,,5900,1964-06-02
224,-372,2014-08-27,,32100,1963-06-27
224,763,1985-02-17,T,16900,1978-08-01
224,-874,2024-12-18,T,28900,1972-09-19
224,951,1970-09-02,T,700,1962-06-11
225,-190,2003-12-17,F,10500,1958-06-15
225,-390,1975-12-12,T,23600,1960-03-27
225,,2020-06-04,,2800,2015-08-30
225,-809,1982-08-19,T,3700,1965-06-20
225,-299,2017-09-13,T,31400,1956-03-25
225,54,2010-09-28,F,9300,2004-09-01
227,-384,2026-05-03,F,15300,2018-08-13
227,-956,2021-03-19,,6200,2019-01-07
228,-722,1993-03-21,T,24700,1987-09-01
228,-707,1992-01-30,T,28600,1954-02-21
228,58,2025-07-05,F,9400,1989-05-27
229,-538,2008-06-01,F,30600,1994-10-15
229,-179,1991-01-17,,18900,1960-10-03
229,725,2008-11-03,F,27400,1973-12-13
229,911,2015-07-18,F,15100,2002-04-11
229,899,2017-06-09,F,28300,1981-01-16
229,-27,2014-02-04,F,,1967-01-16
229,377,1977-06-24,,4200,1970-11-15
229,-631,1986-10-17,F,19700,1970-01-25
229,607,1992-03-18,,28000,1971-09-04
229,-133,2005-07-11,,15800,1969-04-14
229,393,1980-06-20,,5900,1965-01-17
230,-381,1995-05-04,,22700,1971-10-25
230,-177,2026-01-19,,16200,1984-09-21
230,17,2026-01-11,T,15700,1982-04-04
235,-635,1994-09-14,F,19100,1985-03-30
235,939,2000-03-22,F,6100,1967-11-22
235,-727,2003-11-10,F,13600,1958-07-14
236,865,1953-01-24,,100,1935-02-24
236,577,1994-08-30,T,9300,1985-02-06
236,-604,2007-04-06,,4500,1987-09-23
236,-139,1937-04-18,T,4500,1932-02-19
236,71,1964-10-21,,,1918-08-21
236,191,1917-09-14,T,1300,1914-11-10
237,586,2014-05-17,F,12100,1986-07-25
237,-685,2011-05-14,T,13900,1976-08-18
237,87,2001-11-26,T,4300,1984-04-14
237,-132,2016-02-22,T,31300,1977-05-27
237,-255,2003-09-13,T,28000,1981-01-01
237,-2,1975-07-18,,8900,1973-09-27
237,225,2005-04-21,T,12100,1974-08-18
239,425,2017-09-04,F,30600,2000-05-16
239,291,2018-11-19,,27400,2009-03-24
239,-343,2015-09-29,F,3900,2011-12-28
239,-454,2025-05-17,F,12200,2014-07-21
239,-659,2019-02-09,F,19500,2003-01-15
240,614,2019-08-29,F,13100,2006-09-01
242,646,2018-07-08,T,20600,1983-12-15
242,726,2005-10-17,,14700,2000-09-27
243,-901,2019-04-21,,27400,1973-05-17
243,-783,2007-02-20,,21400,1991-10-08
243,-18,2017-08-14,,19500,1976-12-29
243,608,2021-07-02,F,30400,1972-11-07
243,46,2013-04-14,F,21700,1982-07-29
243,-26,2018-08-16,,15800,1992-08-23
244,-149,2012-11-20,T,1000,1990-11-26
245,388,2017-04-10,T,13300,2008-04-30
246,-455,2018-02-11,T,19400,2014-01-28
246,992,2013-05-01,T,29700,1996-06-14
246,-252,2015-06-13,F,25100,2005-01-02
246,-129,2015-01-06,,6400,1994-01-19
247,429,2023-04-15,,22000,2002-05-09
247,-294,2026-02-06,,600,2023-04-12
247,-1000,2012-12-17,T,9900,1999-09-28
247,480,2019-07-21,,12500,2003-12-03
247,-907,2023-02-14,T,9900,1990-12-20
248,-461,2012-08-17,,26900,1996-06-08
248,251,2018-04-16,,10600,2004-08-04
248,530,2016-05-26,T,28300,2010-10-10
248,972,2012-07-30,,2000,2005-01-18
248,-572,2011-09-05,,7600,2011-03-22
249,-17,2021-03-13,T,23600,1963-10-26
249,111,2018-06-15,F,28700,2005-01-04
249,309,2002-01-22,F,20400,1959-06-04
249,198,1956-10-11,,30100,1937-09-15
249,333,1982-01-16,F,23200,1972-12-25
249,389,2013-11-15,,2700,1968-04-05
249,-806,1986-02-08,F,24900,1948-05-06
249,916,1983-10-10,F,15500,1970-01-27
249,-902,2016-10-08,,26600,2007-02-04
249,614,1985-04-17,T,10800,1983-11-27
249,-390,1967-04-02,,31800,1940-11-13
249,748,2023-05-18,T,16700,1945-04-19
249,168,2016-12-21,T,13200,2007-02-27
249,-796,1989-02-15,F,22400,1984-02-01
249,-867,2024-06-02,,19600,1952-02-16
249,-694,1994-02-07,,20500,1985-07-14
250,-51,2001-08-30,F,24900,1984-09-20
250,495,1994-01-20,,17000,1977-12-17
251,297,1995-11-26,F,14900,1994-01-30
251,-109,1986-05-30,F,12000,1980-07-30
251,454,1995-11-29,,9800,1953-02-21
251,-480,1990-03-22,,31400,1978-06-27
251,-322,2013-03-21,,19700,2011-01-29
251,-624,1979-05-29,F,30400,1923-12-11
253,-566,2022-02-19,,1000,2013-09-25
253,-314,1986-12-05,T,22000,1970-07-04
253,-889,1993-11-10,,22600,1983-02-17
255,834,1947-08-17,,23800,1939-05-05
255,937,2014-11-30,T,28600,1966-11-29
255,-302,1989-12-10,,12800,1951-01-05
255,-814,1945-11-08,T,16300,1941-10-30
256,734,1996-10-15,,13900,1970-06-18
256,795,2010-07-25,T,26100,1987-08-16
256,-825,2025-05-06,,22900,1958-04-01
256,-687,1966-09-15,,22700,1953-10-24
256,886,2019-02-04,,11000,1979-12-11
256,-428,2025-08-24,,22700,2000-03-02
256,-687,1991-07-26,T,5400,1970-12-09
256,-298,1989-04-18,,29400,1950-08-21
256,-192,1975-05-24,T,31300,1947-08-11
256,751,1959-12-06,,31100,1958-05-10
256,-948,2019-01-31,,16800,2000-04-03
257,661,2002-10-25,,7200,1995-04-24
258,-464,2024-11-18,,23800,1987-01-17
258,115,2021-10-30,F,30000,1970-08-21
258,-800,2022-07-08,,17100,1976-10-15
258,270,2009-09-19,,22400,2003-03-25
260,-817,2025-09-01,F,15600,2011-03-29
260,63,2014-10-23,,29000,1980-09-06
260,459,2024-08-27,F,15600,2007-06-03
261,849,2006-09-23,,23100,1998-06-12
262,-115,1983-08-27,T,31600,1982-02-14
264,44,2026-06-11,F,26100,2018-07-18
264,369,2020-12-07,,6200,2016-07-03
266,-636,2013-01-23,T,13600,1995-11-20
266,-923,2015-03-30,,12900,1981-07-10
266,98,2016-02-22,T,22000,1973-01-22
267,608,2008-06-13,,6300,1955-02-12
267,-533,2001-02-07,T,15600,1967-07-31
267,394,1988-09-17,,18900,1982-11-06
267,-386,1973-05-01,T,5300,1956-08-27
267,-6,1972-04-27,T,26200,1968-06-08
269,-708,2013-02-12,F,1800,2009-11-23
269,710,2025-03-12,T,1200,2010-05-20
269,-628,2024-08-04,,8400,2021-12-19
269,481,2017-01-21,F,2000,2008-06-08
269,306,2022-05-15,,32100,2013-02-13
270,-4,1991-12-19,,28200,1972-09-12
270,831,2024-11-27,,29900,1989-10-24
270,590,1971-08-20,T,4100,1967-05-26
270,459,1991-04-23,T,400,1976-08-18
270,445,2020-06-08,,27100,1975-11-12
270,-615,2014-06-02,T,13800,2000-01-16
270,-127,2017-08-19,T,24800,1967-03-11
270,-47,2016-01-05,,7800,2001-09-06
272,664,2024-10-09,T,32400,2009-07-31
272,742,2018-10-24,,25500,2010-07-13
272,322,2016-09-16,,25500,2012-07-12
273,902,2026-01-22,,31000,2025-06-12
273,380,2026-03-02,,900,2025-04-07
273,580,2024-12-26,,8800,2023-01-30
273,490,2024-01-08,,28000,2023-02-09
273,654,2025-08-23,,6400,2022-06-18
274,978,2009-10-08,T,26100,1955-02-28
274,-290,2005-03-19,,17300,1953-06-20
275,224,2013-04-15,T,6000,1977-01-16
277,998,2009-12-28,T,27000,1985-12-15
277,-818,1987-09-08,F,19700,1984-02-04
277,628,2008-02-04,T,29100,1994-10-02
277,95,2019-06-19,T,29300,2003-09-07
277,984,2005-01-06,T,14400,1994-10-17
277,788,2016-07-05,,16700,1981-07-18
277,914,2010-09-24,T,6000,1982-07-28
277,994,1996-07-20,T,18000,1992-09-01
277,-849,2014-12-23,,15900,2011-08-04
277,304,2011-04-08,T,30700,1994-09-24
278,-598,1976-06-19,F,11400,1941-11-29
278,331,1977-05-28,,3900,1941-01-28
278,256,1965-09-23,T,30200,1953-12-12
281,-745,2012-02-21,,26600,1949-08-24
281,-697,1990-06-04,,27600,1952-01-26
282,589,1990-05-19,T,7800,1912-12-12
283,-772,2024-01-27,,10000,2023-04-10
283,552,2002-09-26,,4200,1985-12-16
283,717,2025-11-02,T,13700,2003-09-09
283,308,1994-12-27,T,31300,1993-07-15
283,636,2023-12-13,,32500,1995-08-12
283,67,1994-12-19,,22600,1985-04-23
284,175,1994-11-07,,2800,1952-11-01
284,-7,2014-12-26,T,17000,1991-08-02
284,826,1986-12-27,,3300,1965-12-08
284,-695,2018-02-06,T,18500,1980-10-27
285,-305,2013-01-12,F,19400,1959-05-05
286,197,1953-07-16,,23800,1948-02-17
287,-147,1981-03-09,F,21000,1946-09-28
287,-988,2006-09-09,T,12500,1940-02-11
287,-162,2018-06-29,,13000,1967-01-05
287,674,2007-03-25,T,24500,1937-02-03
288,920,2017-11-21,,31700,1957-03-02
288,299,2025-01-15,T,2900,1957-03-20
288,918,1980-10-12,,10800,1955-01-28
288,-934,1999-07-17,,28400,1937-04-01
288,727,1999-10-03,,17700,1984-03-23
289,151,2019-07-24,T,400,2019-03-15
289,969,2024-02-06,T,13400,2023-09-29
289,-631,2025-11-01,,25000,2012-04-14
289,855,2014-02-22,,3200,2010-03-04
289,875,2016-04-02,F,32400,2007-12-09
289,-549,2023-04-11,F,2200,2019-09-08
289,713,2008-05-13,T,28800,2007-09-15
290,668,2018-01-02,,2000,2010-07-01
290,-666,2021-03-31,T,7500,2013-10-27
290,124,2019-10-12,T,14800,2018-01-15
290,-308,2021-02-25,,13500,2020-12-23
290,26,2026-06-27,F,3400,2022-11-25
290,-277,2017-08-13,,100,2009-01-20
290,76,2025-08-20,,17800,2017-09-04
290,-123,2019-03-02,F,17300,2010-06-21
290,-915,2026-04-06,T,13000,2025-09-11
290,732,2023-07-09,,100,2015-01-08
290,146,2023-05-23,,2200,2011-03-25
290,-399,2016-09-21,F,13200,2012-08-01
290,232,2021-05-12,T,22800,2009-03-25
290,-489,2019-04-02,,14500,2011-09-04
290,648,2026-09-19,,21700,2014-05-04
290,109,2020-11-06,,18700,2017-08-08
290,571,2021-11-11,T,15700,2019-09-11
291,405,2023-10-15,,25500,2003-10-31
291,-570,2010-02-23,,32400,1993-08-09
292,-689,1979-04-10,,1400,1977-05-04
292,-372,1983-12-30,,15300,1966-04-12
292,-563,2020-12-19,,23200,1988-10-17
292,-511,2016-02-27,,26600,1980-12-24
292,459,2022-04-20,,21500,2004-08-10
293,-110,2024-03-10,T,7400,2023-04-06
295,356,2025-11-03,T,15700,2025-05-15
295,-448,2024-09-20,,13900,2021-08-22
295,-582,2025-10-28,T,,2020-06-23
295,-350,2020-04-13,,31300,2018-05-03
295,-727,2021-08-13,,28900,2020-03-22
297,397,2022-10-04,T,13000,2021-12-11
297,199,2024-11-18,,27700,2023-09-21
298,-863,2004-08-24,T,20200,1988-04-12
299,231,1976-04-19,T,14500,1959-08-01
299,-569,2023-09-02,F,700,1972-12-28
299,268,1984-12-07,,5400,1925-08-11
299,-371,2024-09-06,,22300,1954-12-25
299,-44,1944-09-20,T,28400,1938-08-24
299,-778,2001-07-04,T,12600,1939-03-15
299,-213,2011-06-30,F,2400,1989-08-24
299,-704,2026-06-09,T,19500,1951-09-04
299,-128,1959-02-19,T,24300,1952-03-31
299,-764,1937-02-23,F,6200,1924-10-27
299,44,2019-09-10,F,24800,1970-09-24
300,-365,2013-05-06,T,11300,2007-07-12
300,-635,1994-03-24,T,5400,1971-01-10
300,611,1988-04-01,,22700,1981-12-23
300,-540,2010-07-25,T,3800,1981-03-04
300,-305,1987-12-21,T,31300,1981-07-23
300,-421,1991-02-28,T,11800,1973-09-15
300,-654,1990-11-11,T,9800,1970-12-24
300,967,2025-07-23,T,30800,1984-04-02
301,-422,2022-04-26,T,15700,2006-07-31
302,32,1994-07-20,T,22100,1978-09-25
304,-679,1977-11-19,,24700,1974-10-31
304,592,1987-06-06,,3200,1941-10-07
305,902,2024-08-17,F,28000,1998-03-10
306,-531,2025-09-05,T,8600,2024-12-29
306,446,2023-07-11,T,26600,2023-02-08
306,248,2024-10-20,,3200,2024-04-10
306,-778,2026-03-24,T,5600,2022-11-03
307,166,2024-12-29,,31200,2024-02-05
307,583,2023-02-06,T,18600,2017-03-12
307,251,2022-11-18,,,2017-09-07
308,-777,1958-04-06,T,18300,1923-10-27
309,-347,2013-04-26,,15900,2007-03-18
310,507,2013-03-25,T,24900,1925-04-20
310,-456,2003-01-25,,16600,1998-07-26
310,-480,2007-10-16,T,27700,1990-03-09
310,-275,1963-08-02,,11500,1955-11-18
310,566,2017-12-14,,28900,1963-01-15
310,-132,2017-07-17,,18500,1992-11-25
310,553,2013-06-11,T,16100,2006-02-18
310,166,1990-09-29,,18500,1941-11-23
312,128,2015-12-28,F,4400,1981-06-16
312,-472,2017-03-15,T,19800,1994-09-04
312,86,2025-04-03,,16100,2000-07-10
312,192,2003-07-05,T,22600,1990-07-22
312,342,2018-12-30,,31700,1999-09-02
312,45,2007-12-05,,15500,2001-10-19
312,968,2006-03-06,F,13700,2004-02-25
312,283,2002-02-02,,12100,1979-03-06
312,167,1994-07-16,F,15500,1981-12-26
312,-943,2009-02-08,F,16100,1996-03-31
312,-293,2016-08-08,T,23100,1980-12-09
312,-188,2014-04-01,,200,2014-03-15
312,-849,1991-03-05,T,700,1986-06-30
313,931,2008-05-14,T,12600,2006-08-01
313,-582,2009-07-08,,7100,1974-05-23
313,-296,2025-03-05,,1000,1972-11-04
313,-77,2017-07-07,,1300,2006-12-30
313,-860,2012-09-04,T,20000,2007-11-29
313,269,2025-11-09,,18500,2003-11-01
313,-373,2010-03-15,,1000,2008-12-31
313,396,2007-03-28,T,12500,1997-06-27
313,972,2019-06-18,,1300,2017-05-02
313,576,2009-09-02,,23400,1990-03-25
314,-68,1994-04-17,,4300,1926-10-01
314,-7,1972-10-01,F,4400,1970-03-26
316,460,2022-08-12,T,16800,1969-11-25
316,429,2015-07-26,,9200,1957-08-30
317,-164,2024-01-29,,20200,2002-11-07
317,-933,2019-03-18,,26600,2008-12-17
317,-629,2025-11-11,,14900,2012-10-28
318,-550,2016-02-29,,20200,1991-03-22
318,869,2021-03-07,F,16100,1994-03-24
319,754,1995-12-01,T,13000,1990-08-30
321,176,2023-10-31,,25100,2022-06-28
321,-414,2023-11-27,T,7800,2013-10-28
321,-365,2023-01-14,,6400,2020-02-10
321,785,2017-12-23,F,22400,2016-01-25
321,636,2024-12-15,T,17100,2020-10-05
321,146,2022-06-26,,20200,2018-09-19
321,632,2024-01-16,,30000,2015-01-17
321,-320,2023-02-09,T,30500,2018-03-31
321,845,2019-02-12,T,22000,2016-01-02
321,-425,2024-07-17,T,24800,2024-03-02
321,-632,2023-04-07,T,30000,2016-07-27
321,-587,2024-12-15,F,20200,2021-11-01
321,-731,2017-04-20,,30000,2015-06-29
322,152,2026-03-15,,25600,2022-07-19
322,66,2023-07-19,,28900,2023-06-23
322,570,2021-12-23,,31300,2020-08-29
322,507,2025-05-25,,16800,2023-02-11
322,-929,2025-10-15,T,8400,2024-09-08
322,-175,2019-02-04,T,30600,2019-01-24
322,19,2026-06-19,,21400,2022-03-03
322,-909,2021-04-22,T,31300,2021-02-16
323,-945,1966-07-19,T,16900,1961-12-05
323,483,2009-05-16,,16600,1949-12-08
323,-742,2021-11-03,T,7100,2004-06-08
324,-108,1989-11-28,,8000,1916-05-17
324,-597,2022-09-25,T,22100,1973-08-04
324,-118,1966-03-02,T,8800,1955-12-07
325,-814,2002-02-24,F,12200,1961-11-20
325,-924,1965-03-04,F,13800,1952-04-18
325,-428,1966-03-09,,25900,1961-03-04
325,-553,1995-10-29,F,5200,1942-05-30
326,38,2024-05-07,T,9400,1968-05-16
326,-263,1978-11-18,,18500,1939-03-29
326,-867,2025-08-18,T,24200,2017-04-21
326,649,2010-12-05,T,17600,1971-06-08
327,960,2016-12-10,T,12900,2004-12-10
327,-175,2025-12-20,,15800,2012-11-02
327,212,2020-12-29,T,21800,2006-01-24
327,-397,2007-09-02,T,20600,2004-07-24
327,459,2015-06-09,T,13700,2011-01-19
327,-767,2025-01-12,F,26900,2002-11-16
328,707,1991-06-06,,22500,1973-05-26
328,-219,1989-12-15,T,0,1942-03-30
328,-379,1991-10-11,F,28200,1941-05-02
328,-669,1997-04-10,F,19400,1945-05-15
329,-394,2021-11-16,T,30500,2018-06-11
329,-203,2024-04-24,T,22800,2021-05-09
329,404,2016-02-25,,25300,2010-05-04
329,419,2020-04-13,T,3900,2020-01-13
329,451,2025-12-12,,4200,2018-12-11
330,728,2008-03-07,F,17000,1978-06-14
330,-794,2007-09-19,,27300,1972-07-05
330,933,1985-01-01,F,31300,1984-05-15
330,811,2005-06-12,,19800,1979-08-27
330,-673,1984-11-07,,17100,1970-01-17
330,-427,1976-01-21,F,25800,1961-03-17
332,623,1988-03-09,,16600,1921-10-15
332,915,1931-05-06,,7100,1930-10-28
332,449,2010-08-25,,700,1986-10-05
332,-294,1971-03-25,T,16100,1934-05-19
332,-509,1944-08-14,T,16100,1935-05-26
332,719,1973-07-28,T,27700,1926-11-24
332,-534,2001-03-30,,32100,1945-05-11
334,862,2015-07-27,F,31700,1940-11-29
334,691,1990-01-05,F,8900,1977-07-27
335,631,2007-11-12,,25800,1914-09-25
335,308,2011-05-19,,9300,1990-11-27
335,-413,1937-01-29,,12500,1925-12-08
335,791,1989-02-03,,0,1972-04-02
335,432,1950-01-05,,7100,1921-07-31
335,-597,1979-04-19,T,22900,1920-10-15
335,184,1922-03-27,,4500,1918-05-25
336,-129,2001-11-19,,30600,1956-09-17
336,-385,2018-04-23,F,25700,2018-04-21
336,946,1980-10-26,T,22100,1920-11-06
336,884,1987-03-19,F,14800,1982-02-16
336,-494,2015-05-28,,17000,1919-06-29
336,-77,1962-04-09,T,27100,1946-02-05
336,708,1974-07-09,T,3000,1940-11-02
338,-143,2015-04-12,T,27700,2015-03-04
338,-227,2024-05-23,T,28100,2003-09-16
338,607,2003-12-27,T,21400,2002-07-27
338,698,2018-08-20,F,2800,1998-09-07
338,-38,2022-11-26,,31700,2016-04-05
338,-670,2025-03-09,,3000,2002-10-23
338,-743,2026-04-07,F,12300,2011-03-24
338,851,2022-09-07,F,4900,2005-03-29
338,525,2011-04-23,T,2800,2002-12-13
339,-639,2016-07-16,,13100,2011-11-02
339,-679,2018-08-19,F,23400,2012-02-07
339,190,2024-10-18,F,19600,2021-09-17
339,478,2018-05-06,F,4700,2011-04-05
339,-139,2022-01-11,,32800,2018-11-02
339,-99,2022-03-27,,2800,2015-01-23
339,334,2017-03-27,F,28300,2015-02-11
339,385,2019-06-19,F,19600,2014-10-26
339,-539,2023-05-06,,8600,2014-09-23
339,137,2026-09-13,F,14600,2015-04-21
339,477,2018-09-26,,24700,2014-06-27
341,-304,2008-12-27,T,27900,1926-04-14
342,650,2010-12-22,T,14000,1944-11-30
342,893,1949-11-16,F,1500,1943-06-22
342,-988,2014-05-01,F,18700,2013-03-10
343,-952,2011-04-19,,19200,1989-05-02
343,-459,1980-06-18,F,25600,1968-11-27
343,662,2010-06-03,T,10800,1963-07-26
343,-499,2006-10-26,,30700,1971-06-30
343,-91,2020-09-29,T,32600,2005-01-06
343,-996,1985-02-16,T,8800,1968-04-07
343,-753,2020-08-15,T,23700,1970-09-13
343,-829,1969-08-07,,11800,1957-01-04
343,-37,2002-02-11,F,4800,1960-01-11
343,-404,2019-04-09,,8200,2000-05-10
343,856,1980-12-26,,10900,1953-06-23
343,-25,1990-02-27,F,12400,1946-04-05
343,161,1980-07-25,F,30400,1959-02-15
343,929,1991-04-15,,32200,1984-02-25
343,709,2005-10-29,,15200,1945-06-16
343,-291,2001-12-01,F,22200,1992-01-17
343,-537,2013-10-03,,6400,1964-10-30
343,-510,1979-04-24,F,27800,1952-08-31
343,674,2015-09-05,T,2900,1963-09-08
343,-223,1947-03-11,,5800,1946-03-07
343,186,1970-10-25,F,28100,1954-10-11
344,-437,1996-05-19,F,32800,1976-07-15
344,251,1993-06-09,T,29500,1931-11-03
344,-636,1979-09-29,F,9500,1934-03-15
344,201,1957-01-22,,23100,1941-12-03
345,303,1983-10-25,F,30600,1947-05-07
345,-324,2001-10-16,,9200,1941-10-28
347,-790,2001-09-11,T,16500,1984-11-30
348,181,2023-11-11,T,21300,2016-03-17
348,-855,2015-09-16,T,22000,2015-04-13
349,915,2016-03-25,F,400,1990-10-19
349,-461,2020-02-13,,26700,1994-06-08
349,921,2014-02-08,F,21100,2012-03-08
349,295,2021-03-14,,30000,1991-08-12
349,-710,2001-08-31,F,25000,1983-09-17
349,762,1995-10-16,,10600,1986-03-26
349,303,2014-01-06,T,29700,2007-09-05
349,-96,2015-05-05,T,7800,1986-05-22
351,374,1982-09-24,,18900,1981-07-19
353,654,1986-01-20,,28700,1923-06-05
353,-636,2019-12-04,,2100,1937-05-18
353,-691,1945-09-12,,6500,1919-07-10
353,950,2010-05-27,F,32200,1910-08-22
353,250,2019-02-20,T,16300,1945-02-26
353,927,1972-10-22,T,6100,1931-05-14
353,-748,1968-03-09,,1900,1923-03-26
353,624,1991-10-06,,21800,1917-09-03
353,-576,1992-05-09,,15000,1939-10-26
353,-950,2021-06-14,T,31200,1976-04-03
354,-256,2006-12-29,,17300,1943-07-24
354,-698,1979-03-13,T,26900,1941-02-23
355,-868,2005-07-01,F,11100,1983-07-12
355,344,1998-01-06,T,25100,1975-07-04
355,-517,2022-08-22,T,16800,2021-10-22
355,880,2013-11-08,F,8100,1979-03-05
356,-694,1968-12-20,T,7600,1946-04-29
356,-813,2012-03-09,F,4200,1971-12-06
358,-820,2010-10-27,T,1600,2004-10-30
359,-690,2018-08-14,,2400,2015-07-03
360,-696,2025-10-04,,14700,2023-01-20
361,-883,1978-02-07,T,8800,1922-08-08
361,769,1973-03-09,F,16000,1924-08-07
361,-805,1964-05-27,T,22900,1920-11-28
361,21,1978-01-29,,6500,1926-07-31
361,-259,1981-05-15,F,31000,1956-12-07
362,268,2024-08-29,F,1000,2022-11-21
362,-328,2024-11-16,T,15800,2022-08-02
362,-923,2025-04-30,,22700,2022-12-21
362,808,2025-04-21,F,23500,2022-02-11
362,309,2025-10-18,T,5100,2024-08-18
362,795,2026-04-16,,31300,2024-11-07
363,-9,2002-10-09,,11000,1988-11-14
363,-547,2012-07-12,T,22400,1998-06-21
364,-146,2006-09-14,,17200,1973-08-08
364,-132,1954-01-07,,23900,1924-05-08
364,-930,1944-10-24,,16100,1914-11-06
364,-70,1948-06-22,,5400,1944-08-21
364,774,2015-07-01,,800,2002-07-13
364,-587,1950-08-06,,14900,1933-03-29
365,-259,2020-12-07,F,12700,1998-09-01
365,-323,1966-11-06,T,17700,1960-09-14
366,432,1987-09-17,,16100,1945-06-18
366,580,2012-07-09,T,30000,1943-03-30
366,-929,1992-10-22,,26400,1978-11-27
366,-723,1992-03-12,,3800,1990-12-26
367,695,2005-04-22,T,,1997-05-24
367,819,1992-10-30,,16400,1987-06-24
367,-693,2018-10-04,T,27700,1990-05-28
367,410,1991-03-02,,16600,1980-04-03
367,-423,2014-03-30,,16400,1996-09-15
367,-546,2004-11-11,T,32100,1982-10-27
367,563,2016-09-04,,32100,1975-08-15
370,596,2023-01-02,,29100,2016-02-20
370,-50,2019-03-12,T,4700,2016-02-02
370,58,2024-09-18,,25200,2021-05-22
370,193,2023-08-19,,11000,2017-09-16
370,171,2025-08-22,T,6800,2017-07-11
371,-575,2009-06-05,,5100,1988-03-01
371,-702,1999-11-13,T,15500,1986-05-22
372,-362,2021-06-16,,,1981-09-12
373,-995,2005-05-10,,32200,1983-11-18
374,54,2010-06-22,,29900,2010-02-05
375,-124,2011-03-28,,13100,2005-10-08
375,884,1986-02-10,T,20600,1968-05-27
375,-750,2006-02-21,,2900,1968-09-17
375,516,1999-01-09,,28000,1931-02-06
375,-673,2006-03-24,,2200,1999-10-02
375,-520,1963-02-08,,19100,1936-04-04
375,-120,2025-10-16,T,27700,1974-03-25
375,-704,1969-01-01,,12000,1939-11-02
375,836,1992-12-31,T,19700,1986-01-17
376,-944,2021-08-12,,28800,1972-12-10
376,139,1980-09-17,F,29300,1970-09-13
378,332,1994-03-16,F,21700,1990-09-26
378,386,2009-05-15,T,9200,1988-07-31
378,716,1968-12-06,F,28400,1968-06-05
379,-97,1960-07-08,F,2600,1935-03-19
379,488,2015-07-07,F,24000,1994-06-08
379,185,2009-08-20,,13800,1985-11-03
381,794,1992-02-19,,32400,1967-02-10
381,-140,1980-02-01,T,10100,1973-03-07
381,50,1986-04-06,,5100,1985-03-20
381,-725,2003-10-28,T,,1970-11-30
382,148,2020-01-28,T,30800,1931-03-20
382,359,2024-02-10,,22700,1993-08-09
382,745,1994-02-02,,10100,1974-12-29
386,625,1987-10-29,F,300,1985-06-20
386,370,2010-06-16,T,12700,2002-02-25
386,197,1995-09-24,,10700,1989-04-18
386,-473,1991-11-21,F,3600,1980-11-28
386,417,2011-05-05,,23800,2003-05-02
386,147,2022-06-11,T,2500,2007-12-30
386,542,2021-11-02,,1200,1981-04-12
386,29,1984-11-29,,18800,1980-09-13
386,261,1989-04-05,T,2900,1978-07-16
386,766,2022-04-24,,18500,2012-04-22
387,972,1993-02-05,T,22900,1991-10-17
389,286,2024-02-14,F,21100,2023-12-22
390,643,2017-03-08,F,16300,1998-04-28
390,983,2023-10-24,,19200,1984-04-10
390,-385,2001-01-31,T,11800,2000-11-06
390,615,2018-03-06,F,22500,2013-09-17
390,181,2018-11-10,T,8600,1993-07-07
390,869,2011-09-13,,800,2004-09-17
390,-75,2017-05-14,F,20100,1992-10-17
390,-378,1996-10-04,F,20000,1996-06-30
390,151,2024-05-07,F,14800,1990-08-19
390,-702,2000-10-28,F,10800,1985-07-30
390,-659,1994-10-11,T,900,1987-09-20
390,-156,2019-04-10,F,12000,2018-12-10
391,-427,2019-06-22,F,4100,2009-10-10
391,-618,2017-05-12,F,16300,1993-03-26
393,654,2019-06-03,F,30200,1958-12-18
393,33,1973-01-08,,25000,1953-10-02
394,-655,2020-04-02,F,15300,1952-10-15
394,456,1958-10-27,,26600,1955-11-13
394,954,1960-04-11,,12200,1957-07-27
394,911,1972-01-03,,13900,1940-05-10
394,435,2002-08-09,,26600,1960-12-12
394,210,2002-03-06,,13600,1952-01-21
395,-701,2025-09-18,F,8800,2010-07-08
395,-641,1990-05-13,T,17100,1959-04-29
395,-951,1972-08-12,T,31100,1961-10-21
395,281,1969-10-20,,,1964-01-11
395,567,1985-09-18,F,19400,1963-03-23
395,84,2024-12-24,,16500,1997-02-13
395,-619,1979-04-15,,15400,1967-04-04
395,330,1989-05-11,,28400,1988-04-15
395,952,2008-08-31,T,12900,1978-09-19
395,-114,2017-11-05,,20200,1984-12-01
395,-619,1971-04-27,T,25100,1965-03-27
395,-68,2010-07-10,,24800,1992-06-15
395,-949,2009-05-16,T,7800,1966-05-30
395,352,1986-04-01,T,18800,1984-10-23
396,989,1950-01-06,F,29700,1939-03-03
396,216,2000-09-16,,21500,1985-12-17
397,501,2026-01-06,,18700,2025-06-27
397,-876,2026-08-19,,5400,2025-06-06
397,-756,2025-09-06,,28600,2024-01-11
397,-447,2026-02-23,,20600,2025-10-30
397,74,2025-10-01,,800,2025-04-05
398,98,2018-01-07,F,1200,2010-08-30
398,-287,2014-02-01,F,7100,2011-04-28
398,-605,2016-02-01,F,21200,2009-05-10
398,-857,2011-07-29,F,10000,2007-01-29
400,-353,2024-09-05,,6300,1972-07-04
400,150,2008-10-02,,31100,2000-12-09
401,120,2008-07-15,,27700,1979-09-26
401,-692,2015-04-23,T,7100,2013-01-02
401,-571,2017-11-03,T,13000,1979-02-09
401,192,2021-05-01,T,7100,2016-07-18
401,39,2022-04-10,T,16400,1985-11-07
401,-226,1998-12-19,,24900,1996-11-04
401,988,2007-09-27,T,24900,1978-03-03
402,-600,2015-11-16,,23100,2006-10-31
402,-459,2025-09-26,F,,2020-04-21
402,-117,2010-05-01,T,28800,2006-11-01
402,739,2025-02-10,F,5800,1971-08-07
402,-73,2001-02-08,,31700,1978-08-05
402,938,2014-03-28,F,16300,2004-09-16
402,-542,2021-01-19,F,12900,1999-07-14
402,-78,2002-01-16,T,23100,1992-09-23
402,630,1984-04-01,F,200,1980-03-13
402,242,1989-06-12,,15500,1985-01-01
402,857,2023-04-25,T,4300,1992-05-02
403,-521,1998-07-04,F,27000,1963-05-23
403,-490,1980-01-28,,9900,1978-09-15
403,-473,1986-08-30,F,6100,1967-12-31
403,-428,2023-04-05,,28400,1971-05-22
403,-355,2023-01-31,F,29300,2018-05-05
403,-141,2006-12-04,F,24800,2006-03-10
404,680,2024-11-24,,29400,2019-01-26
404,-701,2021-07-06,,3700,2016-02-26
404,-76,2018-03-18,F,11700,2010-06-22
404,-334,2022-04-15,F,13400,2010-01-16
404,-897,2024-06-30,,31400,2014-01-30
404,-400,2025-12-14,F,7500,2013-03-08
404,299,2020-01-06,,10800,2009-03-13
404,-525,2026-03-06,F,18400,2019-11-28
404,307,2021-04-16,F,31400,2019-03-18
404,-813,2023-06-27,,22900,2018-01-24
405,-270,1997-08-27,,27100,1997-03-10
407,909,2023-02-20,,18500,2017-10-05
407,655,2023-08-26,,14500,2022-05-22
407,-565,2022-02-09,T,29400,2021-12-26
407,344,2026-04-17,T,18500,2019-03-30
407,-825,2018-03-27,T,,2017-12-15
407,-862,2016-11-04,T,16100,2016-09-18
407,-564,2021-09-13,,1000,2020-08-12
407,-111,2023-11-04,,25800,2021-10-09
408,-211,1984-01-05,,10700,1959-05-11
409,-640,1997-09-22,,2300,1964-08-31
409,626,2025-06-10,T,1300,1937-02-26
409,613,1975-01-29,T,26900,1944-04-19
409,753,2011-02-07,,600,1947-11-21
410,-251,2011-03-27,,12000,1993-03-23
411,802,1947-05-06,,25900,1935-11-16
411,106,2022-11-10,,21100,1928-09-13
411,-989,2022-02-15,,12200,1962-11-19
411,494,1962-06-05,T,19600,1913-10-17
411,364,1945-11-08,,24500,1927-11-13
411,795,1995-07-08,,21400,1986-11-28
412,-724,2026-09-06,F,8600,1972-10-18
413,247,2025-10-21,,21700,1982-05-18
413,547,1991-06-11,T,1200,1981-06-23
413,-350,2014-03-28,T,32500,1983-03-08
413,442,2010-11-20,F,30400,1976-06-15
413,816,1992-05-19,F,19000,1969-12-30
413,112,2007-01-21,F,23100,1979-06-22
413,-545,1991-07-04,T,25500,1979-09-09
414,-161,2006-02-01,T,4600,2003-01-14
414,577,1996-10-08,T,7000,1985-01-05
415,-561,2022-01-23,F,31300,2010-05-31
415,422,2021-01-08,,20600,2014-02-04
417,505,2024-01-24,F,16000,1936-06-27
417,627,1997-01-28,T,14700,1924-12-06
417,-261,1972-10-21,T,14600,1941-03-19
417,-64,2008-12-22,,31800,1944-06-06
417,516,1975-07-23,F,25700,1919-10-18
417,391,1950-04-15,T,2900,1926-10-23
417,27,2022-11-30,F,2500,1934-03-04
419,-407,1998-05-09,F,21300,1951-02-28
420,129,2018-12-31,F,5000,2014-08-03
420,-3,2020-12-18,F,10300,2019-10-08
420,12,2022-04-19,T,32000,2016-04-24
420,370,2025-03-04,F,23200,2015-06-10
420,-906,2021-12-17,T,26100,2018-02-28
420,106,2025-06-15,,32700,2021-05-06
420,-474,2017-01-06,T,1000,2016-05-23
420,-865,2020-10-19,,18700,2018-07-31
420,276,2018-04-09,,600,2016-11-18
420,-592,2020-09-29,T,16700,2018-06-17
420,-504,2023-09-02,,2400,2014-10-05
420,526,2025-03-06,F,16100,2017-09-07
420,455,2026-07-30,F,29000,2016-07-23
420,-944,2024-04-22,F,28100,2016-01-03
420,387,2025-10-17,T,14700,2025-05-25
420,502,2023-07-11,T,12100,2022-08-09
421,-110,2026-03-27,,11800,2026-02-14
421,-22,2026-05-18,,3300,2025-06-20
421,332,2026-07-29,,14600,2024-04-22
421,859,2024-08-14,,16900,2024-02-03
422,-34,2018-01-30,F,13900,2016-12-13
422,874,2023-09-21,F,23800,2015-10-23
422,-879,2026-03-22,F,28000,2023-02-06
423,568,2013-11-16,,32700,1977-04-10
423,-315,1986-02-01,,5700,1969-02-20
423,633,1977-10-17,F,29900,1963-01-09
423,-832,2014-07-18,F,7800,1995-09-11
424,728,2025-01-24,,17300,2024-09-28
424,654,2026-07-06,T,11400,2025-01-20
424,180,2026-07-02,,15700,2026-05-21
424,300,2024-07-11,,11400,2023-09-20
427,-986,2012-10-15,T,16500,1997-06-21
429,86,2021-01-12,F,9800,2005-04-08
429,-361,2001-12-13,F,14600,2001-01-09
430,-710,2025-11-16,,18200,2024-06-19
430,265,2024-05-04,F,21200,2023-12-08
430,-392,2026-04-24,F,12500,2024-01-26
431,843,2011-11-08,T,10400,1940-09-04
431,-380,2003-10-11,F,31000,1920-12-28
431,-421,1974-12-02,F,6900,1962-10-11
432,-789,2022-12-14,,17500,1984-02-20
433,39,1972-06-10,T,1200,1956-03-25
433,-705,1962-07-22,T,29800,1948-10-08
433,-964,2003-02-10,F,4500,1977-05-17
433,151,1947-07-08,T,28000,1944-08-25
433,350,2014-03-04,,29600,1946-07-17
433,-894,1982-05-09,T,1100,1957-04-28
433,-505,2009-11-29,,7800,1950-09-27
433,-217,1964-11-09,T,7700,1939-03-22
433,850,1959-09-01,T,5200,1925-09-10
434,387,2022-05-24,F,5200,1999-10-04
434,126,2005-04-03,T,14000,2003-01-20
435,-116,2024-07-21,F,11100,2012-09-02
435,215,2025-10-06,F,21000,2025-06-22
435,305,2026-01-20,T,2400,2017-12-22
435,-174,2021-08-03,,11300,2014-04-04
435,630,2019-07-24,F,29800,2012-04-20
435,704,2023-02-28,,600,2018-11-29
437,502,2024-05-26,,29400,1955-05-27
437,-466,2022-08-29,,20300,1959-06-07
437,-451,1980-12-18,,17000,1950-02-12
437,-868,2006-03-07,,18400,1960-06-18
437,16,1990-09-30,,17400,1958-04-01
437,-996,1998-10-25,,19600,1981-06-02
437,-93,1989-08-19,,15900,1942-02-12
437,-474,1947-04-06,,5900,1947-01-18
437,-169,1979-10-09,,7500,1968-04-13
437,511,2012-12-17,,28800,2012-06-10
437,-510,2010-12-04,,22200,1940-11-17
438,642,1952-01-09,,31400,1939-12-28
438,-670,2018-03-01,,12600,2003-06-18
439,-428,2024-01-10,,28600,2016-05-06
439,-55,2024-08-04,T,5500,2020-12-23
441,125,1994-03-16,,13200,1932-10-27
441,-23,1948-11-19,,6000,1944-02-27
441,136,2009-02-11,F,23500,1996-10-11
441,811,2023-06-04,F,10800,2014-07-14
441,-399,1948-09-12,F,15000,1933-10-06
441,-444,2004-12-25,F,9000,1980-07-08
443,-805,2024-04-27,T,,1995-09-26
443,824,2004-09-07,,25500,2000-07-07
443,685,2026-02-25,T,15500,2025-09-24
443,497,2022-01-08,,10100,2006-02-06
443,-14,2019-01-28,,25500,2017-07-12
445,-176,2016-08-30,F,4200,2016-02-21
445,-930,2026-01-31,,1200,2021-05-19
445,-901,2021-02-20,,28000,2016-11-15
445,-588,2025-07-24,F,26600,2023-11-05
445,-39,2025-09-15,F,12000,2021-01-07
445,-315,2018-12-22,F,12100,2015-06-19
445,369,2021-05-12,,26300,2020-04-19
445,-628,2024-05-07,F,15100,2019-01-02
445,111,2023-12-23,,1100,2018-10-16
445,-179,2024-04-03,F,3400,2019-03-23
446,468,1989-08-22,F,8900,1989-02-18
446,-696,2019-01-16,F,12000,1988-08-26
447,-43,1920-10-03,F,24500,1920-08-23
447,157,1946-05-05,F,11800,1941-06-18
447,-63,2024-05-25,,15700,1990-03-04
447,-213,2025-11-29,,5100,1920-06-12
447,-338,1993-09-07,,30000,1913-12-04
447,-517,1965-07-03,F,31400,1952-08-26
447,-354,1936-04-16,,22200,1928-04-18
447,-33,1964-07-02,F,23000,1962-12-09
447,734,1919-02-19,F,26800,1916-01-30
447,-899,2020-06-30,F,16400,1945-04-15
447,678,2022-03-14,F,22000,1949-05-15
447,875,2018-05-24,,27600,1965-08-18
447,-528,2006-03-27,T,2900,1935-09-03
447,490,1962-11-07,F,9100,1962-07-17
447,-417,2025-06-27,F,4400,1938-03-28
447,-451,1979-09-29,F,10600,1938-07-11
447,-176,2004-02-29,T,27900,1992-08-16
448,709,1977-11-16,T,11400,1970-07-01
448,963,2009-10-08,T,8600,1990-12-23
448,-881,1992-03-24,T,30800,1980-08-17
448,208,2004-07-14,T,17300,1968-11-20
448,-747,2011-12-20,T,,1964-11-14
448,789,2002-01-11,T,10100,1981-11-06
448,-125,2006-09-02,,4400,1977-04-30
448,-848,2023-03-05,,17300,2021-10-17
448,296,2007-02-02,T,6700,1990-05-26
449,7,2004-05-12,,3900,1995-07-09
449,237,1968-08-12,,9800,1950-06-26
449,607,2026-02-27,F,1000,1973-08-24
449,-510,2012-03-25,F,15100,1988-11-14
450,621,2023-03-19,F,10200,2017-01-09
450,-711,2019-09-04,,13400,2018-06-16
451,-641,2025-09-12,,31100,1995-05-11
451,-390,2008-05-02,T,7500,1996-06-11
451,54,2015-02-14,T,28600,1979-02-09
451,399,2001-01-12,T,25600,2000-06-18
451,600,2019-02-15,T,27000,1976-08-15
452,41,1932-10-14,T,31000,1923-01-02
452,-988,1958-09-30,F,19100,1935-06-24
452,157,2024-06-15,F,21300,1998-04-18
452,-974,1973-10-05,F,31900,1938-02-02
452,913,1997-03-08,T,13200,1949-10-30
452,-518,1994-09-10,T,19300,1955-11-20
453,-121,2026-02-26,F,19600,2015-09-10
453,284,2015-09-19,,24200,2014-06-11
453,717,2023-05-26,T,21000,2018-09-03
453,-61,2025-08-29,,7400,2022-05-30
453,851,2025-01-28,F,11700,2018-02-28
453,-245,2017-07-26,F,17600,2016-05-30
453,-273,2025-10-01,T,19900,2017-09-01
453,-151,2025-08-08,T,30300,2021-01-07
453,618,2024-12-19,F,11700,2023-09-27
453,106,2016-08-14,,4400,2016-06-13
453,-744,2026-04-18,F,12500,2018-07-18
453,-478,2018-09-24,T,24900,2018-08-20
453,482,2017-08-30,F,19100,2013-11-11
453,835,2022-05-02,T,22600,2017-09-22
454,-438,2013-11-03,,23700,1960-06-17
454,-8,1972-08-21,,13600,1967-09-05
454,427,1981-08-06,,21200,1957-02-23
454,-646,2021-06-09,,400,1989-11-11
454,775,1998-04-06,T,31900,1975-10-16
455,-614,2021-12-28,F,16800,1986-07-07
455,-348,2018-01-05,T,26000,2002-02-10
455,-236,2019-11-28,T,6400,2015-11-28
455,-197,2008-11-08,F,29700,2006-02-26
455,166,2021-12-04,F,17000,2015-03-08
455,-887,2017-04-22,F,9200,2003-03-11
455,300,2024-09-11,,19600,2002-06-07
455,-450,2015-10-02,F,14500,1995-05-03
457,-95,1988-04-15,F,5700,1937-05-10
457,45,2011-08-24,F,22200,1967-07-20
458,-927,1967-05-02,F,1000,1963-04-19
458,875,1949-12-12,,,1924-05-07
461,63,2015-06-05,F,19700,1997-11-24
461,657,1996-02-26,F,22400,1983-08-28
461,-184,1974-11-14,F,26000,1962-08-04
461,-842,2013-09-21,,14600,1964-08-23
461,2,2008-11-10,F,10400,1971-01-15
461,514,2003-01-17,,11900,1955-09-30
461,225,2001-02-19,T,24300,1997-05-01
461,813,2013-01-04,T,27900,1999-03-27
462,-871,2018-05-20,,8400,1975-11-14
462,885,2012-01-23,T,9800,1990-11-30
462,-663,1965-10-14,T,16800,1961-02-06
463,810,2022-12-10,,28300,2019-08-02
463,815,2023-01-01,,28300,2022-02-18
463,372,2026-04-15,T,25900,2018-10-06
465,-407,2014-03-01,T,4800,2003-05-21
465,547,1995-01-07,F,21800,1983-04-05
465,-316,1959-08-28,F,2800,1941-03-04
465,24,1984-12-12,,4000,1959-05-12
465,-867,1960-05-11,,5400,1943-08-27
467,-297,1950-05-24,T,18800,1943-01-07
467,40,1980-04-09,,21600,1935-07-01
469,-584,2022-06-26,T,4400,1998-09-13
469,386,2025-11-16,,20300,2010-11-24
469,885,2008-03-14,T,11300,2005-01-08
469,158,2020-09-01,,29800,2006-02-20
469,-9,2015-10-14,,30800,1999-08-22
469,402,2012-12-13,,30800,2010-06-11
470,-912,2019-09-26,T,32600,2015-12-30
470,942,2012-03-05,,22300,2005-05-03
470,-220,2022-05-24,,10900,2003-08-06
470,643,2014-01-27,T,6900,2008-10-04
471,-62,2014-01-22,T,31100,1971-02-18
471,-796,1993-07-24,T,30600,1979-11-22
471,135,2024-09-02,T,6700,1993-03-12
471,646,2022-07-24,,30600,1994-11-26
471,-160,1992-03-04,,600,1980-10-29
471,-885,2009-07-19,T,17500,1963-04-11
471,-340,1992-04-04,T,12500,1977-12-03
471,846,1995-09-14,T,15700,1991-07-21
471,478,2021-01-26,T,11400,1967-12-27
471,952,2016-06-20,,29400,1965-06-18
471,263,2012-05-03,T,10400,1984-02-17
471,46,1999-12-06,,16500,1978-12-02
472,212,2020-11-02,T,13700,2018-11-22
472,-472,2023-03-30,T,14700,2022-04-04
472,-110,2022-04-15,F,11600,2021-07-20
472,910,2024-07-30,F,1200,2020-09-25
474,527,1953-11-29,T,8500,1937-04-12
474,-658,1990-04-14,T,1300,1937-03-19
474,636,1985-06-14,T,22600,1935-12-04
474,-982,2000-01-26,,,1970-06-13
474,-387,1960-05-06,T,4800,1929-06-06
475,476,1960-02-27,,27600,1922-10-24
476,479,1983-11-09,,12100,1981-05-21
476,-789,2006-02-17,F,1200,1995-09-02
476,-133,1981-04-29,,30600,1980-05-07
476,-658,1994-10-29,,15800,1983-05-02
476,-903,2021-07-04,,30400,2017-01-31
476,-608,2006-06-29,F,5900,2005-04-29
477,447,2003-10-16,T,24400,1988-01-19
478,785,2024-11-12,T,12500,2017-05-01
478,461,2022-11-13,,7400,2013-05-08
478,-788,2024-09-10,T,30200,2021-12-13
479,236,2002-03-30,F,17900,1961-10-14
479,601,2006-02-02,F,15200,1952-08-26
479,-843,2026-05-29,F,31100,1997-05-11
479,-939,1976-09-19,F,9200,1955-06-02
479,-885,1994-03-23,,800,1971-07-09
479,157,1977-06-18,,18200,1972-08-12
480,-13,2016-07-24,,16500,2004-09-03
480,-522,2015-06-01,,24300,1997-07-18
480,21,2000-09-13,T,26700,1996-06-07
480,164,2022-08-13,F,18800,2014-04-17
480,-7,2019-05-26,F,29700,2006-03-26
480,-281,2024-12-15,,6400,1997-05-12
481,961,1998-09-17,T,1100,1952-06-23
481,-765,1964-12-03,T,12600,1961-02-16
482,913,2016-02-18,,0,2006-08-28
482,307,2023-11-12,F,19200,2014-05-14
483,283,2025-08-24,F,5800,2024-03-26
483,-32,2026-09-17,,200,2025-10-08
483,-534,2023-11-03,,1200,2023-11-02
483,-238,2025-09-02,T,200,2025-05-28
483,-381,2026-04-10,F,5800,2024-04-18
483,-839,2025-09-02,,32100,2024-11-23
483,-927,2026-07-03,F,12100,2025-03-19
483,-725,2026-07-22,F,19000,2024-01-07
484,-396,1982-04-12,,21700,1956-05-31
484,-492,1990-09-28,T,17700,1990-05-20
484,347,1965-09-01,T,4300,1954-02-22
484,545,1976-12-24,T,19800,1959-01-10
484,168,1982-11-05,F,16100,1966-12-09
485,169,2024-12-03,,300,2024-06-01
485,-948,2023-11-29,,25600,2021-01-24
485,11,2024-02-02,T,,2020-02-21
485,-152,2023-04-23,,11400,2023-02-21
485,475,2023-10-25,,8600,2022-04-29
485,-987,2024-08-21,,30600,2024-08-07
486,442,2020-03-06,,13400,2017-08-07
486,808,2025-04-12,,14900,2018-02-26
486,95,2024-06-26,,20800,2022-04-06
486,-451,2026-03-05,,28800,2017-11-06
486,531,2018-01-23,,9000,2017-08-28
486,239,2022-05-12,,15300,2021-07-27
486,-120,2022-10-24,,24300,2021-06-02
486,190,2026-03-10,,7700,2023-12-11
486,85,2024-09-22,,5100,2018-12-07
486,759,2026-03-16,,28500,2021-11-25
486,-499,2026-04-07,,28700,2018-05-06
486,16,2024-11-24,,22200,2023-06-18
487,-395,1984-11-18,T,12500,1955-09-24
488,529,1982-10-09,,9100,1957-07-18
489,-396,1968-06-05,,11800,1966-03-24
490,-621,2020-09-25,,22800,2005-10-10
490,248,2024-05-12,,18800,2008-02-20
490,-282,2018-12-15,,6000,2000-11-01
491,163,2021-11-21,,6400,2021-08-11
491,-588,2025-10-08,,15700,2020-06-22
491,961,2023-11-21,,9000,2022-03-09
491,-613,2025-04-22,,15200,2022-01-13
491,-120,2026-04-06,,26500,2022-10-18
491,137,2021-11-12,,13500,2021-03-03
493,729,2023-11-04,T,13700,2012-01-19
493,-391,2025-11-15,,16300,2024-11-10
493,-566,2025-09-04,T,200,2001-10-31
494,-324,2020-02-27,T,28500,2009-09-27
495,-359,2019-02-03,T,30500,2001-01-02
495,509,2011-02-27,,23100,1997-10-28
496,-409,2007-02-06,,26300,1962-05-22
496,468,2003-03-05,T,17300,1978-10-29
496,279,1985-02-02,T,4600,1947-08-08
496,-457,1974-12-29,,22700,1952-08-03
496,-857,2009-03-25,T,,1984-05-18
496,848,2002-12-05,,11400,1942-02-01
497,241,2017-04-21,,12000,2010-06-18
498,576,1982-07-01,,1300,1961-04-26
498,-21,1999-09-29,,10300,1976-01-08
499,-721,2026-05-14,F,3200,2010-03-27
499,-991,2025-05-11,T,27700,1993-12-16
499,619,2015-05-06,T,20000,2015-02-18
499,-241,1987-08-19,F,4500,1985-06-23
500,670,1951-07-16,,32000,1937-07-27
500,461,1960-04-20,,2900,1943-06-20
500,118,1985-11-23,T,26100,1941-02-23
500,-315,2012-12-03,F,11000,1956-12-15
500,-74,2009-12-05,F,29400,1970-01-30
501,-241,2007-01-08,T,16100,1944-07-19
501,441,1989-11-12,,16100,1972-08-03
505,14,1991-01-17,T,29800,1967-09-03
506,-54,1952-05-23,F,2000,1932-10-04
506,-761,2003-12-26,,15800,1934-09-28
506,750,1974-07-15,F,3400,1964-10-19
506,778,1941-05-07,F,28300,1937-07-29
506,-466,2016-01-03,F,5900,1977-11-22
506,-11,1999-06-04,F,31400,1979-10-26
506,925,1987-01-08,F,21400,1956-05-28
507,-383,2014-02-19,,24100,2009-04-05
507,-172,1991-07-11,F,17900,1965-10-30
508,674,2006-11-29,,28900,2002-10-14
508,-19,2011-04-28,T,16100,1943-08-15
508,16,1968-09-15,,24900,1957-07-21
508,-513,1959-10-04,T,24900,1953-04-09
508,-323,2023-12-22,,24900,1974-07-29
508,98,2024-03-24,T,16100,1955-06-03
508,-893,2022-11-25,T,31800,1985-05-10
508,-176,2020-11-18,T,16100,2011-01-11
508,974,1985-11-22,T,,1949-08-26
512,-313,2016-06-30,,10300,2004-03-07
512,896,2010-07-03,,4700,2001-02-12
513,665,2015-09-20,F,17200,2012-04-18
513,227,2021-11-18,T,11800,2009-08-22
513,-381,2016-04-16,,30500,2009-11-17
513,321,2022-01-24,F,11400,2018-07-26
513,-522,2024-07-23,F,17400,2007-02-06
513,619,2020-01-22,,24800,2009-11-27
513,-899,2008-02-07,,25900,2006-07-13
513,877,2021-03-18,F,5500,2019-10-24
513,-593,2024-05-20,,7100,2014-03-07
513,972,2016-02-20,T,23900,2010-11-15
513,-211,2023-04-29,,4500,2021-04-12
513,350,2014-07-12,F,15000,2013-03-24
514,765,1998-03-23,F,300,1995-01-26
514,90,2006-01-14,T,18700,1987-10-14
514,711,2015-01-29,F,4200,2007-06-23
514,-699,2020-07-13,T,17500,1994-11-14
514,193,2009-03-27,,22300,1995-11-19
514,-809,2026-01-11,,30400,2010-06-08
514,748,2005-09-26,F,4000,1985-12-14
514,-190,2006-01-04,,3600,1991-08-04
514,434,2017-09-27,F,10800,2010-11-20
