patient_id,seen_date,start_date,status
1,1992-09-13,1948-02-21,Booked
1,1985-12-13,1958-10-13,Booked
1,2022-08-17,1991-05-15,
1,1976-08-28,1947-02-02,Arrived
1,2018-04-30,2005-06-16,
1,2010-01-18,1944-05-05,
1,2015-05-27,1965-10-09,Arrived
2,1974-10-19,1943-12-09,
3,2012-08-23,1985-05-07,Booked
4,1998-07-01,1974-12-31,
4,1931-12-31,1928-01-19,Booked
4,2025-11-10,1938-05-26,Arrived
4,2019-03-27,1965-11-19,Booked
4,1987-10-20,1971-12-16,Booked
5,2021-12-01,2020-11-12,Cancelled by Other Service
6,1980-01-28,1971-09-28,Did Not Attend
6,1954-12-14,1936-09-07,Blocked
8,2002-06-29,1982-08-10,
9,1992-06-29,1985-08-25,Finished
9,2005-03-25,1975-03-15,
9,1983-01-11,1969-04-26,Visit
10,2018-12-13,1983-04-29,Finished
10,1992-06-22,1968-10-14,Cancelled by Patient
11,2003-11-30,1976-03-17,Waiting
11,2025-03-18,2007-03-20,Finished
11,2012-06-16,1989-12-28,Did Not Attend
11,2006-08-22,1995-09-26,Cancelled by Other Service
12,1988-08-09,1938-06-25,Booked
12,1960-10-20,1931-05-26,Arrived
15,2017-05-02,1948-04-07,Visit
15,1968-10-06,1941-11-29,Finished
15,1976-06-16,1975-05-04,Arrived
15,2016-12-16,1995-04-04,Cancelled by Patient
15,1982-06-17,1972-05-30,Patient Walked Out
16,2018-07-08,2016-03-29,Finished
17,2022-10-03,1947-08-01,In Progress
17,1991-06-04,1938-10-14,Did Not Attend
17,2018-09-22,1995-05-07,Finished
17,2008-10-02,2007-03-21,Cancelled by Other Service
17,2011-04-30,2000-11-21,Did Not Attend
17,2015-12-08,1983-07-25,Cancelled by Patient
18,1928-09-25,1917-08-14,In Progress
18,1970-05-22,1940-07-18,Visit
18,2005-05-12,1977-06-28,Patient Walked Out
18,2013-01-03,1937-05-12,Visit
18,1995-11-21,1963-04-23,No Access Visit
18,1980-04-07,1908-04-02,Patient Walked Out
18,1977-12-24,1906-09-09,Requested
19,2020-08-29,1983-09-28,Did Not Attend
19,1991-02-23,1984-09-10,In Progress
19,2008-11-22,2006-04-19,Cancelled Due To Death
21,2023-03-14,2013-03-10,Cancelled by Patient
21,2005-03-06,1994-10-03,Patient Walked Out
22,1996-08-14,1995-12-05,Did Not Attend
22,1994-12-08,1951-05-19,
22,2018-07-07,1945-12-09,Booked
22,2008-12-31,1947-12-18,In Progress
22,2003-11-28,1991-06-23,Finished
23,2002-07-04,1993-12-05,Finished
23,2011-02-25,2000-07-09,Did Not Attend
24,1999-09-21,1978-07-17,
24,2013-12-20,1967-03-05,Finished
24,2024-03-12,1951-11-03,Finished
24,1999-11-29,1997-04-14,Finished
24,2000-06-17,1966-08-22,Arrived
24,1984-07-28,1968-08-15,Arrived
24,2026-07-31,1954-09-20,
25,2017-10-22,2014-08-05,
25,2021-02-20,2020-04-01,Finished
25,2024-03-22,2023-09-12,
25,2024-05-07,2015-09-13,Arrived
25,2023-05-07,2016-05-31,Finished
25,2024-08-09,2019-09-13,Finished
25,2019-09-24,2015-11-07,
25,2023-08-18,2016-04-13,Finished
25,2014-07-07,2013-06-08,
28,2000-10-03,1986-01-09,Arrived
28,2005-08-06,1983-08-01,Patient Walked Out
28,1988-04-28,1988-01-10,Requested
29,2021-11-05,2020-01-16,Finished
29,2025-01-23,2017-05-09,Finished
29,2025-06-01,2021-12-01,Finished
29,2026-04-15,2021-11-04,Finished
29,2022-06-14,2017-06-02,
29,2025-12-14,2019-05-27,Finished
29,2023-06-04,2018-04-16,
29,2021-11-01,2019-10-19,Arrived
29,2022-11-20,2020-11-27,Finished
29,2020-08-14,2018-02-16,Finished
30,1990-12-17,1969-11-25,Booked
30,1977-12-24,1972-09-19,
30,2024-05-14,1982-03-24,Arrived
30,2010-03-21,1969-08-02,Arrived
30,2009-05-04,2006-08-22,
31,2001-04-18,1990-10-24,Patient Walked Out
35,1997-01-13,1996-09-26,Requested
35,2021-06-05,2014-11-30,Booked
35,2011-01-08,2007-06-18,Finished
35,2019-05-14,2000-11-08,Cancelled by Patient
35,2015-06-21,2004-06-09,
35,2010-08-15,2006-12-18,Cancelled by Unit
35,2021-01-04,2020-06-08,Cancelled by Unit
35,2002-04-24,2000-04-13,Finished
35,2011-08-11,2008-06-03,Finished
37,2001-06-21,1969-04-25,Waiting
37,2000-12-21,1947-08-31,
37,1997-09-07,1931-09-26,In Progress
37,1982-12-31,1915-07-04,Booked
38,1987-05-07,1977-04-25,Requested
39,2024-08-06,2022-11-23,Arrived
39,1994-12-02,1990-05-16,Arrived
39,1997-05-16,1992-10-17,Arrived
39,2026-06-25,2020-05-25,Booked
39,2006-02-11,1999-09-27,Arrived
39,2023-08-03,1996-07-10,Booked
39,2006-03-20,2002-02-11,Booked
39,2025-05-21,2004-02-15,Booked
39,1997-02-17,1990-08-20,
39,2004-07-28,1990-09-25,Arrived
39,2021-10-04,2021-06-03,Arrived
39,2016-11-04,2016-08-16,Booked
39,2026-05-18,2017-12-29,Arrived
39,2002-04-17,1996-06-12,Booked
39,1992-04-09,1990-09-04,Arrived
39,2012-04-03,2007-08-12,Booked
39,2004-07-18,1999-08-29,Booked
40,2021-07-29,2004-09-01,Patient Walked Out
40,2008-05-25,1995-09-22,
40,2009-03-08,2002-04-09,Did Not Attend
40,1992-02-29,1989-11-19,
40,2025-06-11,1986-04-13,Cancelled by Unit
41,2024-02-03,2008-10-25,Booked
42,1975-06-14,1950-09-24,
42,1994-05-17,1951-01-14,Requested
42,2019-04-13,1982-08-10,Visit
42,2020-09-03,1968-10-01,Visit
42,2007-06-15,1973-10-12,
42,1990-08-21,1955-05-10,Visit
42,1999-05-10,1968-10-07,
43,2008-11-01,2004-04-05,Cancelled by Patient
44,1989-08-21,1958-02-14,Finished
44,1995-12-08,1941-09-28,Finished
44,1989-10-01,1968-11-05,No Access Visit
44,2023-11-15,1995-08-10,Arrived
45,1981-03-13,1957-12-17,
45,2011-05-30,2007-03-10,No Access Visit
45,1986-06-07,1948-03-25,No Access Visit
45,1948-02-06,1920-05-18,Patient Walked Out
45,2001-08-03,2000-01-04,Visit
45,2018-12-15,1965-11-02,Booked
45,2023-07-15,1926-12-23,Visit
45,2009-04-19,1971-02-22,In Progress
46,2025-02-09,2014-06-12,Requested
46,2011-02-07,1999-10-07,Requested
46,2019-05-03,2014-04-26,Requested
46,2024-11-23,2010-09-27,
46,2017-08-13,2003-08-16,Requested
46,2024-08-05,2017-03-20,Visit
46,2022-06-11,2009-05-17,Visit
46,2018-11-20,2002-04-23,Requested
47,1986-02-01,1980-07-05,Finished
48,2026-04-29,2015-12-30,Cancelled by Unit
48,2026-05-13,2022-01-30,Cancelled by Patient
49,2014-06-14,2001-10-31,Did Not Attend
49,2026-06-25,2006-10-16,Visit
49,2020-02-29,2017-06-09,In Progress
50,2006-06-04,2006-01-28,In Progress
50,2026-05-09,2023-01-12,Finished
50,2017-04-02,2011-09-10,Patient Walked Out
51,2012-06-20,1999-12-15,
51,2015-11-26,2009-01-30,Cancelled by Other Service
51,2016-01-07,1995-09-08,
52,2024-11-11,1995-01-19,Finished
52,2025-07-06,1998-07-07,Arrived
52,1993-10-27,1990-11-25,Did Not Attend
53,1983-04-11,1908-03-04,Blocked
53,1960-12-11,1945-11-21,Finished
53,1983-08-20,1938-05-12,Finished
53,1928-02-25,1921-12-14,Did Not Attend
53,2006-06-21,1991-05-03,Visit
55,2024-04-11,2010-01-08,Arrived
55,1996-01-01,1982-09-30,Requested
55,1997-08-22,1970-07-18,Did Not Attend
55,2000-10-07,1951-05-19,Cancelled Due To Death
55,2026-02-22,1953-02-14,Blocked
55,1990-04-22,1961-02-04,Cancelled by Patient
56,2010-10-24,1996-01-09,Booked
56,1990-12-17,1961-11-10,Blocked
57,1972-12-24,1948-09-06,Cancelled by Other Service
57,2006-02-20,1955-10-05,Visit
58,2007-09-22,1997-11-11,Did Not Attend
58,1991-10-11,1969-11-21,In Progress
58,1979-04-08,1972-06-08,Patient Walked Out
58,2007-11-09,1981-08-22,Patient Walked Out
58,2026-08-31,2026-06-27,In Progress
59,2022-08-05,2008-07-11,Booked
59,2017-02-14,2017-01-14,
59,2016-03-05,2009-06-15,Cancelled by Unit
59,2024-03-17,2023-03-02,Visit
59,2015-11-07,2009-09-20,Did Not Attend
60,2023-05-13,1931-06-21,Patient Walked Out
60,1983-09-22,1949-10-25,
60,1977-06-23,1939-12-10,Cancelled Due To Death
60,1958-08-20,1952-01-28,
60,2018-10-30,2012-07-17,Cancelled by Patient
60,1967-07-07,1954-06-09,Finished
60,1977-12-08,1926-08-21,Booked
60,2002-01-19,1930-02-09,Blocked
60,2013-06-30,1945-12-20,
61,2026-01-08,2024-10-16,
61,2021-02-18,2019-07-02,Arrived
61,2023-03-10,2022-06-06,
61,2026-01-10,2025-12-05,Finished
61,2025-07-10,2020-03-08,Arrived
61,2024-10-15,2019-03-05,Arrived
62,2008-02-12,2005-02-27,Visit
62,2006-02-25,1999-04-20,Requested
62,2002-05-28,1993-11-13,Patient Walked Out
62,2026-03-31,1991-04-21,Cancelled by Unit
62,2015-12-07,2007-09-25,Cancelled by Unit
62,2022-06-06,2002-07-18,Did Not Attend
63,2019-06-27,2014-10-17,Patient Walked Out
63,2022-03-10,2003-01-28,In Progress
63,2014-05-22,2008-10-03,Finished
63,2019-04-15,2017-09-15,Waiting
63,2021-05-04,2008-06-27,Patient Walked Out
63,2007-09-26,2002-12-05,Finished
63,2022-08-10,2000-09-01,Blocked
63,2023-05-02,2020-11-05,Did Not Attend
63,2013-03-29,2001-09-06,Booked
63,2020-12-23,1999-10-29,Patient Walked Out
63,2026-07-04,2021-11-15,Arrived
63,2013-12-29,2004-01-10,In Progress
63,2017-01-17,2005-07-21,Cancelled by Other Service
63,2016-08-19,2009-04-28,Booked
63,2008-09-29,2007-09-20,Waiting
63,2014-11-03,2013-10-18,Visit
63,2013-01-29,2010-11-10,Did Not Attend
63,2008-01-10,2007-09-26,
64,2012-12-01,2006-04-23,Cancelled Due To Death
64,2014-12-05,2008-10-05,
64,2022-02-03,2004-01-20,Did Not Attend
64,2019-09-03,2001-06-15,Cancelled by Other Service
64,2023-03-21,2008-12-14,Arrived
65,2023-01-21,1975-12-22,Booked
65,2014-12-11,1991-09-17,Booked
65,1945-03-25,1942-09-04,Booked
65,2013-03-30,1941-04-21,
65,1988-07-28,1974-01-21,
65,1995-01-03,1925-02-28,Booked
66,1994-10-14,1965-03-13,Did Not Attend
66,2007-01-20,1986-10-28,Blocked
66,2007-07-02,2001-11-02,Cancelled by Unit
68,2019-01-03,2018-05-18,Finished
68,2026-07-23,2013-10-15,Cancelled Due To Death
69,2026-08-06,2015-04-08,
69,2026-06-27,2017-08-10,Arrived
69,2013-11-12,2007-03-12,Did Not Attend
69,2016-11-09,2000-09-13,Finished
70,2008-08-07,1963-05-16,Did Not Attend
70,1986-04-15,1944-06-07,Booked
70,1997-09-08,1977-12-17,Requested
70,1976-04-13,1964-02-14,Finished
70,1998-10-22,1991-03-14,Waiting
70,1980-04-21,1940-09-05,
71,2001-11-11,1982-04-20,Cancelled by Unit
72,2008-12-23,1953-11-08,
72,1997-06-06,1970-03-11,In Progress
72,1972-02-24,1934-10-02,Requested
72,2008-01-17,1939-01-18,Requested
72,1988-03-10,1953-09-23,Patient Walked Out
72,1981-03-27,1965-08-28,Cancelled by Unit
72,2016-03-31,2005-06-06,Did Not Attend
72,2025-09-25,1956-02-16,Did Not Attend
73,2003-01-26,1996-02-24,Requested
73,2014-07-25,2002-11-03,Blocked
73,2004-02-02,1984-02-19,Cancelled Due To Death
73,2016-09-30,1989-10-24,Blocked
73,1986-04-13,1981-07-09,Cancelled by Unit
75,2021-08-19,2016-02-03,Booked
75,2019-04-05,2019-02-15,Visit
75,2009-11-21,2005-06-17,Arrived
75,2021-11-15,2010-10-07,Finished
75,2021-04-12,2018-02-24,In Progress
75,2024-12-17,2024-08-28,Visit
75,2023-05-22,2020-05-29,
76,1934-08-11,1933-02-16,Finished
76,2023-09-28,2008-09-26,Finished
76,2022-01-27,2020-09-08,
76,2023-03-04,1952-10-11,Finished
77,2025-10-11,1994-07-04,
77,1976-11-17,1965-10-01,
77,1984-02-16,1967-09-17,Visit
77,1966-03-04,1965-06-25,Requested
77,2003-10-06,1981-08-02,Requested
77,2013-02-06,1975-12-24,Requested
77,2004-01-18,2001-11-10,Requested
77,2014-04-26,1972-10-18,
77,2003-09-23,1970-11-22,Requested
77,2003-06-11,1997-03-31,Visit
77,2012-06-07,1981-04-24,Visit
78,2025-02-11,2022-07-25,Visit
80,2016-09-27,1976-04-14,Finished
80,1987-06-25,1970-01-10,Did Not Attend
80,1982-12-28,1980-12-24,Requested
81,2000-11-11,1995-06-06,Did Not Attend
81,2025-01-14,2014-08-01,Patient Walked Out
81,2017-03-19,2007-12-14,Finished
81,2016-02-17,1973-11-30,
81,1993-03-09,1982-09-04,Cancelled by Other Service
81,2012-09-11,1987-12-14,Finished
81,1992-04-08,1986-01-25,In Progress
82,2006-11-05,2006-10-06,
82,2007-09-24,1985-10-29,
82,1992-04-09,1979-02-28,
82,2002-03-12,1988-04-20,Booked
83,2020-04-21,2010-07-15,
83,2025-03-04,2023-05-26,Arrived
83,2022-01-26,2020-06-18,
83,2022-12-28,2010-12-18,
84,2021-11-23,2013-08-08,Patient Walked Out
84,2023-10-31,2023-09-15,Finished
84,2009-04-10,2008-01-21,Blocked
84,2023-07-20,2015-02-03,Did Not Attend
84,2025-11-01,2000-07-24,Patient Walked Out
85,2015-08-03,1979-01-12,Visit
85,1990-10-22,1956-06-12,Did Not Attend
85,1963-04-07,1920-07-01,Requested
85,1988-07-29,1974-05-16,Arrived
85,2025-05-16,1994-05-17,Arrived
86,2025-05-30,2016-06-19,No Access Visit
87,2012-07-25,2003-10-15,Arrived
87,2018-05-20,2010-10-12,Blocked
87,2015-04-28,2008-09-30,Patient Walked Out
87,2010-06-26,2005-10-03,In Progress
87,2008-08-17,2002-06-29,Finished
87,2024-01-18,2015-12-29,Cancelled by Other Service
87,2013-11-14,2006-07-11,Visit
87,2008-11-25,2001-07-01,Patient Walked Out
87,2003-08-13,2001-10-26,
88,2009-11-01,1970-02-28,
88,2006-03-27,1993-01-27,Arrived
88,2013-06-28,1988-12-05,Cancelled by Unit
88,2013-07-03,1961-04-17,Waiting
88,1984-05-01,1980-11-14,Visit
88,2021-03-29,1987-11-04,Arrived
88,2007-09-24,1951-06-24,No Access Visit
88,1972-11-08,1964-11-01,Did Not Attend
88,2022-03-21,2005-07-22,In Progress
88,2017-04-15,1980-07-05,Cancelled by Unit
88,1980-10-29,1952-12-17,Arrived
88,2021-07-19,2018-12-09,Visit
88,1986-08-09,1968-02-07,Cancelled by Unit
88,2011-01-31,1992-12-14,Patient Walked Out
89,2025-11-24,1983-07-30,Booked
89,2007-12-04,1992-07-17,
89,2019-07-07,2001-11-18,Arrived
89,2009-01-06,1999-01-05,Booked
89,2022-07-30,1985-01-07,Arrived
89,2009-03-25,2006-07-03,Booked
90,2025-04-21,2018-07-16,
90,2016-04-09,2014-09-23,Arrived
91,1997-11-14,1980-04-28,Visit
91,1949-01-14,1929-02-04,
91,2024-04-17,1968-02-19,Requested
92,2022-08-17,2003-05-19,Booked
94,2016-07-10,2002-06-01,In Progress
94,2013-11-26,2003-11-12,Blocked
94,2021-12-05,2018-07-19,Arrived
96,2011-05-27,2005-05-31,Visit
96,2013-06-07,2012-07-08,Visit
96,2017-03-05,2014-09-16,Patient Walked Out
96,2022-12-04,2003-07-04,Finished
96,2020-04-24,2015-08-17,Arrived
96,2013-12-11,2003-12-25,Blocked
97,2017-01-27,1978-10-01,In Progress
97,2020-09-25,2009-06-08,Blocked
98,2009-11-17,2009-06-29,In Progress
99,2000-11-13,1969-09-01,Cancelled by Unit
99,1987-08-26,1966-11-19,Blocked
99,1992-07-08,1970-07-11,Booked
99,2004-05-11,2001-07-25,Requested
99,1988-09-22,1978-05-15,Patient Walked Out
99,2011-10-08,1969-05-02,In Progress
99,2016-02-02,1997-10-25,Requested
99,2008-11-12,1978-06-11,Finished
99,1989-12-19,1976-12-01,Cancelled by Other Service
99,2023-04-23,2021-11-21,Cancelled by Patient
99,2007-01-06,1975-09-03,Did Not Attend
99,2008-12-05,1998-03-19,Booked
99,1993-02-21,1979-06-23,Requested
99,2012-02-14,1995-04-21,Cancelled by Other Service
99,2015-04-13,2004-12-09,Blocked
99,2016-08-19,1993-06-03,
102,1965-04-11,1957-09-06,Requested
102,2018-10-30,2011-07-15,Requested
102,2026-04-11,1977-08-21,Arrived
102,1970-01-05,1955-06-12,Arrived
102,2001-01-19,1950-04-07,Visit
102,1954-12-25,1941-12-27,Did Not Attend
102,2019-09-25,1977-05-03,
102,2022-04-26,1971-02-08,Cancelled by Unit
102,2001-07-11,1966-03-18,Finished
102,1965-12-02,1946-07-03,Patient Walked Out
102,1992-10-22,1980-11-30,Patient Walked Out
103,2022-10-20,2017-11-20,
103,2021-08-29,2021-04-24,
103,2023-11-13,2017-05-23,Arrived
104,2014-11-23,1978-08-19,Finished
104,2024-05-13,2007-01-22,Arrived
105,2010-09-14,1972-04-30,Blocked
105,1963-07-15,1950-02-12,Waiting
105,1987-12-12,1953-05-11,Patient Walked Out
105,2003-08-15,1963-09-05,Blocked
105,1997-10-09,1964-06-13,Visit
105,1978-05-21,1952-08-21,Cancelled Due To Death
105,2018-05-27,2000-12-26,Blocked
106,2021-12-26,2013-01-18,In Progress
106,2025-02-08,2022-02-23,Arrived
106,2013-08-27,1998-04-01,Visit
106,2000-04-05,1999-04-15,No Access Visit
107,2015-02-20,2014-10-18,Booked
107,2017-12-29,2015-08-17,Booked
107,2020-11-19,2015-02-10,Booked
107,2023-01-21,2014-03-01,Booked
107,2020-10-15,2014-08-21,
107,2022-02-08,2021-08-05,
108,1970-08-28,1944-09-18,Cancelled by Patient
108,2017-05-08,1947-06-19,Arrived
108,1974-02-15,1950-03-24,Cancelled Due To Death
112,2020-01-23,2010-08-17,Finished
112,2018-12-06,1952-04-19,Cancelled by Other Service
112,2014-01-24,1962-09-06,Finished
112,1953-12-11,1952-09-09,In Progress
112,1998-02-27,1986-01-31,Finished
112,1979-04-18,1959-10-08,Finished
112,1970-10-08,1962-03-06,No Access Visit
112,1992-08-31,1980-11-26,Finished
112,2023-02-13,2007-04-29,Booked
112,2016-10-26,1981-09-19,No Access Visit
112,2018-08-10,1964-09-10,In Progress
112,2016-04-10,1972-02-28,Cancelled by Other Service
112,2019-09-12,1943-02-14,In Progress
112,2025-12-23,1979-07-28,Finished
112,2013-12-23,1969-09-20,No Access Visit
112,1980-09-04,1971-03-20,Finished
112,2010-09-26,1971-05-24,Cancelled by Patient
112,1971-07-08,1964-09-17,Did Not Attend
112,2015-12-10,1978-05-31,In Progress
112,1993-06-08,1975-01-19,
112,1987-05-30,1959-03-31,Requested
112,1968-03-10,1951-06-29,Requested
112,1946-01-19,1945-05-08,Cancelled by Other Service
114,1964-11-05,1927-07-29,Booked
114,1982-08-31,1936-12-05,Booked
114,2012-12-04,1987-10-14,Booked
114,2021-12-22,1962-01-09,
114,2001-09-03,1942-10-27,Arrived
114,1977-09-22,1959-07-31,Booked
114,2013-10-11,1931-05-09,Arrived
115,2015-04-05,1980-03-13,Arrived
115,1980-11-30,1930-10-19,Waiting
116,1992-12-17,1960-11-04,Patient Walked Out
116,1987-09-14,1983-10-19,Finished
116,2009-01-10,1983-05-15,No Access Visit
116,2022-06-27,1991-12-21,Cancelled by Other Service
116,2021-10-04,1968-11-11,Patient Walked Out
116,2004-07-02,1933-07-27,Patient Walked Out
116,1962-08-31,1940-04-20,Did Not Attend
116,1960-05-14,1928-04-06,Finished
116,2024-04-18,1994-05-28,
116,2007-04-27,1975-06-01,Patient Walked Out
116,2023-11-08,2010-03-06,Requested
116,2011-08-29,2008-10-20,In Progress
116,2021-10-15,1982-12-22,Patient Walked Out
118,2026-03-07,2002-05-10,Requested
118,2017-03-12,2010-08-04,No Access Visit
118,2001-05-12,1995-10-12,No Access Visit
120,1989-07-29,1976-12-10,
121,2022-05-09,1987-11-21,Cancelled by Patient
121,2005-12-24,1996-04-20,
122,1970-09-12,1965-09-03,Cancelled Due To Death
122,2017-02-27,2012-05-02,Cancelled by Patient
123,2004-01-13,2001-11-06,Finished
123,2023-06-03,1997-07-14,Arrived
123,2019-07-05,1999-12-03,Finished
123,2026-01-07,2017-07-12,Arrived
123,2005-03-10,2003-09-02,Finished
124,1974-04-11,1961-01-15,Cancelled by Unit
124,2023-11-07,2017-08-06,Did Not Attend
125,2023-10-05,2015-03-06,Booked
125,2026-08-22,2023-12-20,
125,2024-09-15,2019-06-12,Patient Walked Out
126,1996-07-27,1959-11-26,Blocked
126,2003-09-22,1956-08-30,Patient Walked Out
126,2009-11-20,2004-12-11,Cancelled by Unit
126,1987-01-31,1964-12-19,Blocked
126,1969-10-08,1949-07-20,Blocked
126,1999-04-27,1956-12-11,Visit
126,2017-02-15,1985-03-28,Requested
126,2018-06-08,1962-08-22,Did Not Attend
126,2010-05-14,1985-06-01,Booked
126,1991-09-02,1962-02-28,Patient Walked Out
126,1986-07-20,1967-04-12,Cancelled by Other Service
127,2024-06-28,2019-06-21,Patient Walked Out
127,2012-05-25,2004-08-26,
127,2019-12-31,2017-06-22,Cancelled by Other Service
127,2009-08-06,2004-10-18,Waiting
127,2017-02-16,2011-09-27,Patient Walked Out
128,2025-08-27,2025-06-28,In Progress
128,2024-08-19,2000-08-04,Patient Walked Out
128,2018-04-13,1997-06-03,
129,2026-01-17,2025-07-11,Arrived
129,2026-07-21,2024-07-17,Requested
129,2025-10-31,2024-12-13,Did Not Attend
129,2026-01-10,2024-12-03,Arrived
129,2026-07-27,2025-02-14,Finished
130,2026-08-24,2015-06-22,Patient Walked Out
130,2017-02-14,2016-09-06,Patient Walked Out
130,2021-04-29,2021-04-05,Requested
130,2025-07-15,2013-02-04,In Progress
130,2013-02-01,2012-02-12,
130,2025-03-31,2014-10-19,Patient Walked Out
130,2012-10-09,2010-03-14,Patient Walked Out
131,1993-09-21,1944-07-05,Cancelled Due To Death
132,2024-12-15,1938-02-28,In Progress
132,1992-12-07,1954-07-06,Patient Walked Out
132,2024-01-15,2018-11-24,Patient Walked Out
132,2009-09-05,1935-08-16,Patient Walked Out
132,1989-04-18,1951-07-19,Visit
132,2018-05-13,1979-05-01,Patient Walked Out
132,1968-02-29,1923-02-26,Did Not Attend
133,2017-04-15,2015-03-16,Cancelled by Patient
133,2015-11-26,2008-07-31,Finished
133,2023-07-03,2017-05-19,Visit
133,2021-05-30,2016-06-25,Did Not Attend
134,2026-01-30,2015-08-15,No Access Visit
134,2010-02-10,2004-09-21,Visit
134,2012-02-05,2004-12-30,Cancelled by Patient
134,2011-03-28,2006-12-20,In Progress
134,2022-01-07,2018-09-19,Cancelled by Other Service
135,1961-02-08,1958-11-21,Patient Walked Out
136,2021-07-30,2010-02-14,Cancelled by Unit
136,1990-07-23,1966-11-08,Did Not Attend
136,1985-05-07,1976-12-14,Did Not Attend
136,2016-06-10,2011-06-08,Waiting
136,2026-01-31,2013-10-18,Patient Walked Out
136,2022-08-26,2003-07-06,No Access Visit
136,1987-01-24,1954-04-28,Visit
136,1978-06-06,1956-05-31,Cancelled by Unit
136,2009-10-01,1997-01-12,Did Not Attend
136,1988-09-13,1967-06-26,Booked
137,2021-06-26,2005-03-12,Visit
137,2015-03-28,1999-02-13,
137,2005-08-14,2003-09-23,Visit
138,2005-06-15,1976-11-14,Cancelled by Unit
138,1970-02-02,1935-02-25,Cancelled by Unit
138,2001-05-03,1967-02-05,No Access Visit
138,2001-02-22,1953-12-18,Did Not Attend
138,1996-03-28,1983-09-19,Visit
138,2019-10-02,1934-11-20,Finished
138,1981-02-21,1949-10-23,Blocked
138,1966-11-26,1943-12-08,Blocked
138,2016-04-10,1984-01-12,In Progress
138,2016-07-30,1992-12-20,Finished
138,1973-07-08,1965-05-30,Visit
138,1976-12-01,1965-07-28,Requested
138,1982-10-01,1940-02-22,Did Not Attend
138,1954-02-02,1939-06-07,Cancelled by Other Service
138,2012-04-19,1958-08-13,Requested
138,2024-10-05,1945-03-30,Finished
138,1988-03-01,1951-04-28,Arrived
138,1965-11-23,1963-12-01,Visit
138,1984-03-24,1971-01-07,Arrived
138,1999-11-15,1966-02-25,Cancelled by Unit
138,2002-12-28,1936-06-01,Finished
138,2024-06-27,1934-10-03,Cancelled by Unit
138,1987-11-22,1949-01-06,Did Not Attend
138,2023-01-08,1934-06-19,Arrived
138,2016-02-24,1969-08-04,Finished
138,2007-10-30,1934-09-07,Finished
138,2019-01-13,2002-09-02,Cancelled by Unit
138,2016-08-30,1968-06-14,Cancelled by Unit
139,2017-05-18,1956-01-24,Visit
139,1970-09-11,1967-08-06,Finished
139,2002-03-08,1998-11-16,Waiting
139,2013-08-05,1963-03-26,Booked
139,2009-01-18,2004-10-22,Finished
139,2025-07-24,1967-04-09,Did Not Attend
140,2012-11-27,2007-07-22,
142,2016-01-31,2013-03-19,Visit
142,2016-05-09,2008-04-09,Arrived
142,2014-09-28,2005-10-08,Cancelled by Unit
142,2023-11-15,2009-06-29,Visit
142,2026-05-09,2008-02-20,Waiting
142,2022-09-03,2005-12-08,Blocked
142,2009-04-08,2007-09-02,Did Not Attend
142,2015-10-10,2012-04-19,Cancelled by Patient
142,2022-08-08,2011-05-06,Visit
142,2017-05-04,2016-11-28,Visit
142,2019-12-19,2013-10-26,Visit
142,2022-07-03,2016-05-15,In Progress
142,2025-12-23,2025-06-25,In Progress
142,2008-08-01,2008-02-09,Cancelled by Other Service
143,1985-10-26,1964-02-09,Visit
143,1956-10-15,1944-04-20,In Progress
143,2011-06-29,1951-07-25,Did Not Attend
143,1971-11-17,1964-03-21,
143,1986-01-11,1985-12-14,Finished
143,1944-09-12,1942-05-14,Visit
144,2007-04-06,1976-08-10,Patient Walked Out
144,2014-07-10,1988-01-17,Cancelled by Unit
144,1983-04-06,1982-08-24,Requested
144,2001-05-07,1998-11-06,Visit
144,1982-08-25,1965-10-05,Blocked
145,2019-02-22,2011-10-10,Finished
145,2023-09-05,1994-02-18,Cancelled by Other Service
145,2015-03-29,2007-02-07,Cancelled by Other Service
145,2022-10-05,2015-06-05,In Progress
147,2012-09-23,1967-06-23,Visit
147,2015-01-24,1989-11-21,Cancelled Due To Death
147,2002-08-17,1980-10-27,Did Not Attend
147,1959-03-13,1933-08-01,Patient Walked Out
147,2005-02-05,1997-03-25,In Progress
147,1970-09-10,1914-03-29,Finished
147,1999-03-12,1988-01-20,
147,1958-03-17,1923-05-05,In Progress
148,2024-09-28,2014-11-28,In Progress
148,2021-12-14,2005-10-15,Waiting
148,2024-09-11,2011-04-16,Waiting
148,2024-01-20,2008-10-09,Waiting
149,2013-10-30,1998-07-02,Cancelled by Patient
149,2017-02-24,1986-04-28,Finished
149,2012-12-24,1988-03-08,Finished
149,1999-07-25,1994-08-06,Booked
149,2021-10-03,2010-10-23,Booked
149,2001-12-28,1990-05-30,Patient Walked Out
149,1986-08-22,1980-12-23,Finished
149,2022-09-27,1980-12-21,Patient Walked Out
149,2012-12-16,1987-06-18,Cancelled Due To Death
149,1996-04-15,1982-07-26,In Progress
149,2007-11-08,2004-04-06,Blocked
150,2018-08-08,1945-04-27,Did Not Attend
150,2014-12-20,2001-07-10,Finished
151,2016-05-07,2012-01-06,Booked
151,2025-10-09,2022-03-08,
151,2014-08-20,2012-04-01,Arrived
152,2018-09-29,2008-08-23,Patient Walked Out
152,2015-09-26,2014-10-02,Cancelled by Patient
152,2006-03-12,2006-02-24,In Progress
152,2011-10-13,2005-01-29,Patient Walked Out
152,2022-05-06,2013-04-17,Patient Walked Out
152,2021-08-16,2008-02-23,
152,2018-10-30,2014-12-18,In Progress
152,2024-06-20,2002-11-03,In Progress
152,2024-07-19,2022-01-09,Cancelled Due To Death
152,2022-08-09,2018-05-30,Waiting
152,2022-12-17,2019-01-11,Arrived
153,2002-03-19,1916-12-28,Arrived
154,2023-06-04,2012-10-29,Finished
154,1939-03-09,1927-08-11,In Progress
154,1959-07-21,1932-10-23,Patient Walked Out
154,2023-11-26,1994-09-10,In Progress
154,1997-10-03,1942-05-07,Did Not Attend
155,2023-08-05,1997-04-19,Patient Walked Out
155,2005-09-22,1994-06-05,Arrived
155,2006-09-22,1994-02-19,Did Not Attend
155,2008-08-23,1992-03-28,
155,2015-05-26,1994-07-10,Booked
155,2021-04-10,1996-02-17,Finished
155,2022-08-16,2002-06-27,Did Not Attend
155,2022-10-11,1999-08-02,Cancelled Due To Death
155,2019-05-30,1988-02-28,No Access Visit
155,2002-05-09,2001-11-27,Finished
155,2011-07-08,1999-08-24,Cancelled by Unit
155,2007-08-13,1991-12-17,Finished
158,2020-02-10,2008-01-08,Blocked
158,2021-04-28,2014-12-18,Cancelled by Patient
158,2013-04-24,2002-02-13,Finished
158,2024-05-27,2011-12-06,Visit
158,2020-05-27,2020-03-06,Finished
158,2025-08-04,2008-06-06,Waiting
158,2020-05-18,1998-12-19,Patient Walked Out
158,2022-08-09,2015-03-10,Cancelled by Patient
158,2010-04-16,2003-12-08,No Access Visit
158,2008-06-13,2006-12-09,Patient Walked Out
158,2020-06-04,2008-01-03,Requested
158,2011-09-30,2002-12-20,Arrived
158,2022-06-11,2015-01-08,Arrived
158,2022-08-20,2004-10-06,Finished
158,2016-07-04,1997-09-21,Patient Walked Out
158,2013-08-13,2011-01-21,Patient Walked Out
158,2006-03-07,2005-10-28,Did Not Attend
158,2015-03-27,2005-09-19,Cancelled by Unit
158,2012-11-10,2009-08-07,Requested
158,2014-06-30,2003-01-23,Patient Walked Out
158,2026-03-12,2015-01-09,Finished
158,2025-07-26,2008-07-08,Blocked
158,2013-04-28,2001-12-17,
158,2015-08-16,1998-01-14,Cancelled by Unit
158,2025-12-07,2011-05-05,Visit
158,2010-08-07,2001-12-25,No Access Visit
159,2012-01-16,2010-06-11,
159,2017-07-17,2013-05-07,Finished
159,2020-02-23,2007-10-21,
159,2016-05-08,2011-05-09,Arrived
159,2024-10-13,2019-10-09,
159,2022-01-07,2011-10-30,Arrived
159,2017-10-27,2011-03-07,Arrived
160,2011-12-28,1977-08-01,No Access Visit
160,1992-01-03,1977-05-16,
160,2017-10-26,2016-08-26,Cancelled by Unit
160,2005-03-22,1989-11-27,Cancelled by Unit
160,2015-11-14,1991-02-12,Visit
162,1984-03-01,1966-01-06,Booked
162,2024-06-20,1980-04-01,Booked
162,1975-09-26,1958-12-08,
162,2019-08-28,1976-01-08,Arrived
162,1978-06-25,1976-04-26,
164,2003-06-30,2002-08-12,Blocked
165,2017-03-14,2010-02-05,Arrived
165,2026-03-03,2010-12-11,Cancelled by Other Service
165,2022-03-27,2013-05-12,In Progress
165,2022-04-16,2018-08-16,
165,2012-10-18,2009-08-31,Requested
165,2019-05-05,2016-03-12,Cancelled by Unit
165,2014-02-16,2013-12-14,Patient Walked Out
165,2009-09-18,2004-07-29,In Progress
165,2008-12-22,2008-08-04,Patient Walked Out
165,2019-03-03,2017-11-18,Finished
165,2019-11-20,2011-03-26,Cancelled by Unit
165,2025-11-30,2006-12-20,Cancelled by Other Service
165,2009-03-29,2008-02-20,Arrived
165,2020-07-23,2014-08-23,Patient Walked Out
165,2018-12-04,2007-01-26,In Progress
165,2025-11-19,2024-02-01,Cancelled by Other Service
165,2019-06-05,2010-11-07,Arrived
166,1973-10-30,1971-02-11,Finished
166,2011-11-15,1984-04-27,Arrived
166,2024-08-03,1909-08-10,Waiting
166,2009-01-26,1984-05-19,Finished
167,1973-10-20,1942-12-30,Arrived
168,2025-03-14,2004-10-09,No Access Visit
168,2023-07-23,2003-12-20,Requested
168,2021-11-27,2015-07-07,Cancelled by Unit
168,2015-03-31,2010-12-06,Finished
168,2014-11-09,2013-02-15,Cancelled by Other Service
169,2005-05-01,1958-08-17,Requested
169,2022-03-25,1940-05-24,Arrived
169,2016-03-14,2003-07-17,Cancelled Due To Death
170,2026-01-24,2002-10-31,Blocked
170,2017-12-30,2000-10-21,Visit
170,2022-07-18,2007-01-09,No Access Visit
170,1995-09-12,1992-01-14,Did Not Attend
170,2016-04-01,2012-04-04,Visit
170,2014-11-09,2002-06-23,Finished
170,2004-01-21,1999-06-15,Patient Walked Out
170,2016-08-29,1986-04-12,Finished
170,2013-01-06,2012-10-02,Arrived
170,2009-01-17,2001-11-01,Visit
170,2009-01-14,1995-05-16,Waiting
170,1995-10-09,1986-09-13,
171,2013-01-03,2010-02-01,No Access Visit
171,2013-09-01,2002-02-09,Finished
171,2017-10-01,2010-11-22,In Progress
171,2020-01-10,2017-10-16,Cancelled by Other Service
171,2021-05-16,2009-02-12,Arrived
171,2012-11-10,2012-07-07,Finished
171,2004-04-02,2000-03-13,Did Not Attend
171,2018-08-31,2003-01-19,Waiting
172,2023-04-11,2012-09-11,Visit
172,2018-06-24,2005-08-03,Finished
172,2019-04-13,2012-01-21,Blocked
172,2019-06-12,2013-12-19,Cancelled by Patient
172,2019-07-06,2008-07-05,No Access Visit
172,2024-08-02,2022-09-15,Did Not Attend
172,2019-09-03,2017-04-25,Arrived
174,2018-04-27,2013-05-04,
174,2026-07-05,2013-11-14,In Progress
174,2022-08-14,2020-05-13,Blocked
174,2023-04-29,2023-01-11,Cancelled by Other Service
175,2016-07-19,1980-11-12,
175,2025-02-10,1975-03-01,Requested
175,1994-02-11,1978-03-14,
175,1984-12-29,1979-08-04,
175,1984-11-06,1979-02-20,Requested
175,2025-03-30,2023-10-25,Requested
175,1989-08-02,1985-12-11,Visit
175,2002-12-02,1997-03-14,Requested
175,2009-08-18,1999-02-13,Requested
175,2022-06-04,2001-06-20,Visit
176,2018-02-12,2002-08-02,Waiting
179,1980-09-13,1979-10-13,Finished
179,1968-04-08,1962-05-13,Patient Walked Out
180,1928-10-25,1923-10-15,Did Not Attend
180,2017-09-14,2007-04-30,Finished
180,2019-10-03,2012-07-30,Cancelled by Unit
180,1988-01-25,1952-10-18,Patient Walked Out
180,1989-10-29,1961-02-13,Arrived
181,2023-12-01,2023-08-09,In Progress
182,2025-04-18,2010-03-05,Finished
182,2018-06-07,2007-10-01,
182,2020-03-10,2013-07-14,Did Not Attend
182,2011-05-16,2010-12-27,Did Not Attend
182,2020-10-14,2008-03-07,Arrived
182,2009-01-31,1996-02-01,Visit
182,2016-06-20,2004-12-21,Cancelled Due To Death
182,2014-05-09,1994-03-31,In Progress
182,2023-12-04,2000-02-15,Finished
182,2018-04-16,2014-07-04,Cancelled Due To Death
182,2003-09-16,1998-07-09,Arrived
182,2024-10-05,1988-08-19,
183,2020-09-03,1990-11-14,Visit
183,1996-08-28,1974-10-01,Requested
183,2012-04-13,2007-06-08,Requested
183,2002-02-26,1994-09-04,Requested
183,1986-03-07,1982-07-07,
183,2020-09-03,1965-07-11,Visit
183,2014-12-16,1959-11-08,Visit
183,2017-01-10,1987-01-21,Visit
183,2010-03-17,1982-06-19,
183,1993-07-13,1991-04-28,Visit
183,1977-05-07,1974-05-11,
184,2021-08-11,2021-06-04,Blocked
184,2023-11-19,2011-04-30,Did Not Attend
185,2000-12-14,1997-04-18,Requested
187,2009-06-26,2009-05-09,Cancelled by Unit
187,2007-06-11,1991-09-27,Finished
187,2003-10-24,1990-07-11,Finished
188,2025-12-06,2024-06-30,No Access Visit
188,2023-12-24,2014-10-23,Arrived
189,1952-04-11,1916-02-01,Requested
189,2022-03-09,1937-02-10,
189,1970-12-27,1961-11-26,Visit
189,1941-12-29,1918-06-04,Did Not Attend
189,2023-10-18,1918-04-25,In Progress
190,1976-09-15,1944-07-05,Arrived
190,2016-10-14,1962-06-26,Arrived
190,2012-10-23,1958-10-18,Did Not Attend
190,2016-01-15,1992-05-13,Visit
190,1937-05-19,1934-02-13,Visit
190,2017-10-16,1946-04-16,Finished
190,2005-04-27,1948-03-27,Arrived
190,2019-06-19,2018-06-03,
190,1977-05-10,1976-10-04,Arrived
191,2009-07-07,1982-01-22,Cancelled by Unit
191,2003-07-17,1964-08-07,In Progress
191,2019-02-23,1983-03-04,Finished
191,1975-01-18,1971-04-10,Did Not Attend
192,2024-12-15,2023-12-21,Booked
196,2003-03-28,1993-10-15,In Progress
196,1991-03-25,1990-11-08,In Progress
196,1995-01-18,1984-12-09,Waiting
196,1993-08-12,1989-06-21,Arrived
198,1977-10-27,1947-10-07,Arrived
198,2021-01-26,1929-04-12,Arrived
198,1992-09-09,1948-10-25,Booked
198,2022-04-04,1945-01-19,Arrived
198,2019-12-09,1942-06-07,
198,2019-11-08,2014-04-15,Arrived
198,2007-02-04,1984-01-21,Booked
198,2008-03-26,1970-11-01,
199,2000-02-22,1997-09-30,Cancelled Due To Death
199,1998-04-09,1975-08-03,Cancelled by Other Service
200,2010-12-29,1978-03-08,
200,2020-04-06,1980-04-04,
200,1988-01-01,1975-06-10,Arrived
200,2020-12-15,1996-12-18,Arrived
204,1978-09-22,1970-08-03,Patient Walked Out
204,2026-01-16,1978-03-03,Finished
205,2023-04-23,1986-02-24,
205,2015-09-07,1999-05-09,
205,1997-07-22,1975-06-13,
206,1990-09-22,1980-08-16,Cancelled Due To Death
207,1957-08-10,1942-10-30,Patient Walked Out
207,1959-07-23,1944-01-30,Visit
207,1989-03-07,1980-09-06,Visit
207,1973-10-20,1956-03-14,In Progress
207,2014-05-20,1995-02-19,Finished
207,2021-05-01,2008-08-03,Blocked
207,1965-10-26,1956-10-29,Patient Walked Out
207,1992-12-02,1962-06-26,Did Not Attend
207,2008-07-13,1926-02-16,Cancelled by Unit
207,1993-05-31,1992-07-26,Visit
207,1984-10-29,1974-05-13,Arrived
209,2014-07-07,2011-09-20,Booked
209,1993-12-25,1986-11-03,Requested
209,2010-07-01,1998-07-07,Cancelled by Patient
209,2025-07-19,1993-06-21,Cancelled Due To Death
210,1991-03-04,1966-05-30,
211,1994-05-21,1956-07-13,Arrived
211,2026-08-04,1980-10-13,Blocked
211,1979-08-01,1977-02-20,Did Not Attend
212,2022-08-28,1990-11-05,
214,1987-05-12,1978-03-01,Cancelled by Patient
215,2023-10-02,2018-09-11,
215,2025-02-01,2021-05-15,Finished
215,2023-05-05,2018-12-12,Finished
215,2022-06-22,2018-11-13,Arrived
216,2010-10-24,2003-10-13,Patient Walked Out
216,2021-12-07,2020-07-08,Arrived
216,2023-07-20,2019-08-02,Visit
216,1990-01-28,1985-10-19,In Progress
216,2022-07-12,1986-12-24,Arrived
216,2020-04-13,2008-09-11,Cancelled by Patient
216,1996-08-25,1982-08-09,Arrived
217,2025-04-22,2022-08-27,Arrived
217,2022-07-22,2020-10-20,
218,2024-01-31,1998-11-19,Cancelled by Unit
218,1998-05-13,1988-05-20,Requested
218,2019-04-17,1992-05-30,Cancelled by Other Service
218,2003-05-01,1982-05-22,Did Not Attend
218,1987-05-27,1982-07-03,Visit
218,2025-12-04,1996-07-29,Arrived
218,2003-02-11,1987-06-21,Requested
219,2005-10-15,1973-01-13,Waiting
219,2008-12-25,1992-05-24,
219,1995-03-13,1969-06-26,Cancelled Due To Death
220,2013-03-09,2003-02-17,
220,2019-08-02,1940-11-13,Arrived
223,1982-11-17,1967-04-19,Visit
224,1999-01-15,1975-10-08,Visit
224,1994-10-16,1968-09-17,Cancelled Due To Death
224,2020-08-05,1960-01-04,Cancelled by Other Service
224,2020-03-08,2004-04-13,In Progress
224,2025-04-13,1983-07-27,Finished
224,2018-06-08,1977-03-19,In Progress
225,2010-11-08,2007-10-04,Cancelled by Unit
225,1990-01-11,1954-10-15,Requested
225,2012-02-14,1985-06-02,Cancelled by Patient
225,2020-02-02,1971-08-04,Visit
225,1990-04-10,1948-10-10,
226,1944-04-22,1932-01-31,In Progress
226,1944-11-28,1922-03-14,Arrived
226,2005-02-25,1974-11-03,Patient Walked Out
226,1936-08-31,1917-07-02,In Progress
226,2025-04-01,1943-02-25,Visit
226,1984-03-06,1917-09-08,Cancelled by Other Service
226,2007-08-30,1986-05-01,Did Not Attend
226,1956-03-19,1929-03-26,
226,1960-05-17,1952-03-10,Booked
226,2019-05-11,2018-07-13,Cancelled Due To Death
226,2016-07-19,1998-09-03,Cancelled by Patient
226,1985-06-19,1976-06-24,In Progress
226,2002-02-22,1937-08-26,Did Not Attend
226,2006-08-15,1992-10-07,Waiting
226,2023-11-30,2004-06-16,Visit
226,1992-08-04,1936-11-28,Finished
226,2005-06-22,1936-06-29,
226,1981-02-15,1956-04-04,Arrived
228,1999-12-12,1967-08-31,Cancelled by Patient
228,2018-11-16,1984-04-30,In Progress
228,1972-09-30,1959-07-11,Arrived
228,2017-09-22,2004-01-20,Arrived
228,1980-12-09,1951-06-15,In Progress
228,2008-03-12,1955-12-27,
228,2018-05-07,2008-04-18,Cancelled by Patient
228,2000-05-04,1982-08-14,Did Not Attend
228,2002-10-26,2002-03-02,Waiting
228,2000-07-26,1957-11-11,Requested
228,1971-04-08,1948-04-07,Booked
228,2015-01-29,2003-09-06,Did Not Attend
228,2002-05-18,1995-01-01,
229,2021-11-11,2010-11-12,
229,2000-09-11,1998-07-18,Cancelled Due To Death
229,1996-09-22,1981-07-13,Visit
229,1989-05-06,1968-01-19,Visit
230,1992-08-30,1977-09-23,No Access Visit
230,2019-03-04,2000-06-23,No Access Visit
230,2025-11-09,1970-11-26,Requested
230,1996-09-28,1973-12-18,Requested
230,2025-07-17,2003-03-09,In Progress
230,2009-01-30,1971-03-09,Visit
230,2024-07-03,1993-07-27,Did Not Attend
231,1957-02-26,1948-10-28,Visit
231,1989-06-16,1960-03-29,Cancelled by Other Service
234,1983-11-14,1975-05-18,Finished
234,2024-09-25,2001-08-11,Did Not Attend
234,2008-08-21,1977-12-15,
234,1985-12-06,1984-04-26,Did Not Attend
235,1983-05-29,1974-07-27,Blocked
235,1978-06-27,1952-05-20,Arrived
235,2004-06-05,1966-01-28,Blocked
235,2024-11-20,1959-01-08,In Progress
236,1944-01-28,1933-12-15,Waiting
236,2008-02-21,1930-01-10,No Access Visit
236,1997-06-29,1943-10-24,Waiting
236,1939-01-01,1928-07-02,Did Not Attend
236,2021-07-29,1999-12-09,Visit
236,2004-09-14,1959-01-02,Waiting
236,1961-07-05,1945-07-20,No Access Visit
237,1975-09-24,1973-01-16,Booked
237,2004-10-05,1969-09-20,Cancelled by Other Service
237,2023-06-22,2001-09-24,Did Not Attend
237,1996-05-15,1975-09-28,Patient Walked Out
239,2013-03-03,2011-10-28,Patient Walked Out
239,2015-08-09,2006-12-02,Blocked
239,2011-12-10,2005-01-01,Cancelled Due To Death
239,2009-06-10,2001-12-05,
239,2010-04-26,2007-10-30,Patient Walked Out
239,2019-11-23,2001-10-07,
239,2004-08-28,2000-07-07,Cancelled Due To Death
239,2022-01-01,2004-07-27,
239,2015-07-30,2001-06-19,Blocked
239,2019-01-28,2006-06-23,Visit
241,2002-03-06,1971-01-12,Finished
241,1936-03-30,1920-12-29,Arrived
241,2019-12-04,1935-04-30,Arrived
241,1970-06-02,1968-04-12,Cancelled by Other Service
241,1958-02-06,1915-12-03,Visit
242,2002-06-02,1990-11-07,Blocked
242,2006-06-16,1979-06-29,Patient Walked Out
242,2016-06-14,1979-12-29,Requested
242,2015-02-12,1966-08-15,No Access Visit
242,2012-07-12,2000-04-08,Requested
242,1977-09-14,1968-03-15,Requested
243,2022-10-10,2010-09-08,
244,2005-03-29,1989-10-19,
244,1993-03-21,1989-02-10,Requested
244,1972-05-10,1970-06-11,Finished
244,1999-11-21,1981-06-05,Did Not Attend
245,2017-03-20,2001-02-27,Did Not Attend
246,2009-02-16,2003-06-30,Arrived
246,2023-01-09,2019-09-11,Cancelled Due To Death
246,2015-09-09,2008-10-03,Cancelled Due To Death
246,2017-12-21,1991-05-31,In Progress
246,2025-08-26,2023-12-05,Cancelled by Other Service
246,1993-03-23,1991-02-14,Cancelled Due To Death
247,2013-05-17,1992-06-07,No Access Visit
247,2020-02-02,2007-05-25,Visit
247,2006-05-31,2003-07-05,Booked
248,2018-11-03,1993-04-14,Finished
248,2007-02-17,2003-02-08,In Progress
248,2008-06-07,1996-07-22,Waiting
248,2025-08-06,2006-01-31,Arrived
248,2014-01-03,2006-04-15,Patient Walked Out
248,2005-07-12,1996-05-08,In Progress
248,2019-11-18,2005-11-10,Waiting
248,2020-08-27,2015-01-22,Arrived
248,2010-03-24,2009-02-25,Patient Walked Out
248,2012-06-20,1996-06-18,Visit
248,2004-02-11,1997-06-10,No Access Visit
248,2006-07-31,2006-02-13,No Access Visit
248,2006-09-27,2004-06-13,Requested
248,2022-05-20,2000-06-27,Patient Walked Out
248,2013-04-23,1998-10-10,Arrived
248,2014-02-09,1996-02-17,Did Not Attend
248,2015-10-24,1998-03-17,Patient Walked Out
248,2025-04-02,2012-08-04,No Access Visit
248,2019-12-18,2018-10-02,Patient Walked Out
248,1998-10-22,1996-06-18,Visit
248,2022-06-22,1996-07-25,Cancelled by Patient
248,2014-04-09,2011-08-13,No Access Visit
248,1998-06-30,1995-05-05,Arrived
248,2014-04-24,2012-12-14,
248,2022-01-02,2016-08-28,Finished
248,1993-03-11,1992-12-12,Finished
248,2012-08-04,2001-05-10,In Progress
248,2012-04-18,2001-10-30,Waiting
248,1999-03-12,1998-09-14,Requested
248,2017-02-26,2011-05-11,Arrived
249,2007-09-12,1984-03-13,Patient Walked Out
249,1936-02-03,1929-02-04,Arrived
249,2005-09-13,1962-10-08,Blocked
250,2021-06-07,1980-03-12,Finished
250,1992-04-30,1979-09-18,
250,1994-09-07,1993-04-15,Finished
250,2024-05-19,2024-03-24,
250,2016-01-04,1976-04-09,Arrived
250,2022-05-20,2006-12-15,Finished
250,1994-09-18,1992-06-26,
250,1993-08-06,1982-02-02,
250,2005-11-24,1982-12-27,Finished
250,2021-12-26,2017-12-01,Finished
253,2011-10-31,1961-01-09,Did Not Attend
254,2019-03-19,2012-04-22,
254,1997-06-22,1991-03-10,Requested
255,2026-04-13,1942-10-10,
255,2023-10-13,2007-01-02,Waiting
255,1991-09-07,1950-03-18,No Access Visit
256,1991-03-04,1960-09-08,Visit
256,1999-07-16,1955-08-29,Requested
256,2001-05-12,1962-12-14,
256,2023-10-11,1953-01-17,Requested
256,2008-10-23,1952-11-25,
256,1973-04-13,1945-12-17,Visit
256,1999-09-29,1971-04-02,Visit
256,1981-04-23,1979-10-13,Requested
256,2008-08-16,1971-07-14,
256,2008-02-25,1970-11-17,Visit
256,2011-08-19,1971-04-13,
256,1999-01-24,1990-02-26,Visit
256,1998-03-18,1990-04-26,
256,1950-05-17,1948-02-25,Visit
256,2000-11-08,1996-08-28,
256,1964-03-27,1955-12-01,Visit
257,2008-07-04,2001-03-21,Cancelled by Patient
257,1995-11-18,1972-03-04,Patient Walked Out
257,1978-11-17,1967-06-15,Did Not Attend
257,2002-09-29,1977-03-11,Cancelled by Unit
258,2007-01-12,1987-07-20,Requested
258,1995-02-08,1966-10-24,Finished
258,2016-09-15,1987-08-18,Patient Walked Out
258,2013-04-09,1968-04-30,Did Not Attend
258,2013-01-31,1999-03-23,In Progress
258,2015-04-16,1996-09-27,Patient Walked Out
258,2025-08-27,2007-04-25,Visit
258,1997-02-10,1990-03-09,Arrived
258,2008-09-19,1969-01-03,Blocked
258,1971-07-05,1970-02-20,Visit
259,2018-07-20,2002-05-03,Did Not Attend
259,2009-06-19,1997-01-29,Arrived
259,2016-11-24,2015-01-09,Cancelled by Patient
259,2023-07-06,2002-11-06,
259,2013-09-25,1999-10-19,Visit
259,2018-05-23,2011-12-18,
259,2014-04-10,1993-01-07,Arrived
260,1999-06-02,1982-07-20,Blocked
261,2023-09-07,2000-01-18,Cancelled by Other Service
261,2010-11-23,2002-12-06,Arrived
262,1953-10-28,1949-04-17,Did Not Attend
263,1996-02-16,1987-09-21,Booked
263,2011-05-19,2009-01-13,Blocked
263,2022-11-16,1992-01-19,Finished
264,2019-07-15,2018-04-27,Requested
266,1993-07-01,1960-12-02,Cancelled by Patient
267,2012-10-14,1995-04-22,Arrived
267,1992-05-04,1950-08-31,Booked
267,1999-02-02,1982-06-12,Cancelled by Unit
267,2003-11-14,1961-06-27,Did Not Attend
268,2017-10-06,2002-11-06,Arrived
268,2018-07-26,1987-09-19,Cancelled by Patient
268,2009-11-18,1995-02-10,Visit
268,2005-01-03,1995-05-06,Finished
268,1987-01-24,1980-01-02,Cancelled by Unit
270,1974-08-05,1970-12-28,Waiting
270,2021-07-02,1994-05-19,Waiting
272,2022-10-17,2016-11-07,Cancelled Due To Death
272,2022-05-01,2009-11-19,
272,2013-05-16,2012-04-17,Blocked
273,2026-07-30,2022-09-12,Booked
273,2024-02-12,2023-01-31,Finished
273,2025-04-23,2023-07-05,Arrived
273,2025-03-08,2022-09-28,Visit
273,2026-03-27,2023-03-17,Arrived
273,2025-04-23,2024-07-11,In Progress
274,1987-11-10,1987-05-07,
274,2011-02-20,1990-06-23,
274,2021-06-11,2001-12-13,Requested
274,2016-03-09,2014-10-07,Visit
274,1985-04-24,1947-11-20,
275,2006-08-17,1998-07-07,No Access Visit
275,2013-04-23,1994-07-15,Cancelled by Unit
275,2021-04-11,2003-06-24,In Progress
275,2001-07-12,1977-12-11,In Progress
275,1998-02-22,1997-12-15,In Progress
275,2000-06-02,1997-05-04,Patient Walked Out
276,1988-11-20,1965-12-21,Blocked
276,2009-01-13,1968-04-13,
277,2012-07-21,1990-09-07,Visit
277,2013-07-29,2013-02-12,Cancelled Due To Death
277,2012-07-24,1992-01-31,Visit
277,1994-09-17,1983-09-22,Waiting
277,2022-01-21,1984-11-15,Requested
278,2011-07-04,1992-10-26,Waiting
278,1966-04-04,1953-02-24,Patient Walked Out
278,2003-06-04,1941-07-25,Patient Walked Out
278,2012-02-21,2007-04-12,Visit
278,2000-05-21,1980-01-22,Patient Walked Out
278,2019-11-12,1950-02-08,Waiting
278,1976-03-19,1964-12-13,Finished
278,2023-12-23,2017-01-17,Waiting
278,2024-08-12,1960-08-28,Arrived
279,2002-10-27,1991-07-11,Arrived
279,1980-10-10,1945-04-26,In Progress
279,2017-01-22,2011-11-20,Cancelled by Other Service
279,1979-01-09,1940-02-25,Did Not Attend
280,2015-03-16,1988-01-15,Visit
281,1961-08-13,1952-05-16,Did Not Attend
281,1971-06-26,1958-05-24,Arrived
281,1964-04-28,1954-04-02,Did Not Attend
281,2012-08-29,1949-02-02,Arrived
282,2022-03-17,1986-03-21,Finished
282,1991-03-01,1967-02-02,Visit
282,1989-11-03,1914-07-28,Finished
283,2019-01-04,1995-09-28,Did Not Attend
283,2026-06-08,1986-05-29,Finished
283,2021-11-17,2002-06-18,Cancelled by Other Service
283,2017-03-13,2001-08-22,
283,2021-04-23,2011-01-27,Cancelled Due To Death
283,1997-05-11,1985-11-05,Did Not Attend
283,2021-09-21,2015-11-09,Cancelled by Unit
283,2020-06-11,2018-09-08,
283,2026-07-28,2021-06-25,Requested
283,2011-12-11,1993-08-10,Cancelled by Patient
283,2013-06-23,1995-11-29,Finished
283,2007-07-22,2001-02-24,Cancelled Due To Death
283,2026-01-05,1998-01-25,Did Not Attend
283,2025-06-04,2010-03-09,Blocked
284,1983-02-10,1952-04-21,Arrived
284,2018-01-26,1949-11-28,No Access Visit
284,2019-01-18,2015-12-26,Did Not Attend
284,1986-08-23,1976-01-20,Visit
284,2021-11-09,1951-02-04,Did Not Attend
285,1986-02-11,1986-01-09,Did Not Attend
285,1969-11-20,1949-10-30,Cancelled by Unit
285,1987-02-27,1951-04-01,Did Not Attend
285,1982-09-20,1968-07-18,Finished
285,2019-09-29,2003-05-15,Arrived
285,2008-06-26,1971-05-14,Finished
286,2007-04-16,1989-11-23,Finished
286,2003-06-01,1959-05-07,Finished
287,1949-04-01,1924-10-26,Did Not Attend
287,1995-09-21,1924-08-14,Requested
287,1958-01-16,1949-02-28,Cancelled by Other Service
287,2023-08-13,1983-03-11,Did Not Attend
287,2022-09-05,1944-02-03,Did Not Attend
287,2014-04-09,1959-09-24,Patient Walked Out
287,1971-04-08,1946-07-07,Requested
287,2006-10-03,1942-12-24,Booked
287,1992-05-25,1929-12-19,Cancelled by Other Service
288,2002-03-06,1950-11-20,
288,1952-05-05,1948-04-15,Visit
288,1949-01-08,1942-07-10,In Progress
289,2013-08-31,2007-11-06,Blocked
289,2023-09-13,2017-11-11,Visit
289,2018-05-10,2017-04-27,Cancelled by Unit
289,2018-05-03,2007-05-14,In Progress
289,2020-12-02,2015-01-13,In Progress
289,2020-12-19,2016-10-13,Cancelled by Patient
289,2026-03-06,2010-12-11,Did Not Attend
289,2026-06-04,2020-10-06,Did Not Attend
289,2015-06-15,2011-11-20,Finished
290,2025-12-27,2019-10-23,Arrived
290,2024-08-20,2020-12-31,Requested
290,2020-02-17,2015-06-04,Did Not Attend
291,2024-02-15,2020-04-08,Arrived
292,2021-11-19,1992-07-21,Finished
293,2022-10-23,2021-11-02,Visit
293,2025-06-30,2024-08-20,In Progress
293,2023-02-04,2022-04-23,Visit
294,1981-07-15,1969-02-13,Visit
294,2013-09-08,1976-06-19,
294,2024-11-12,2020-11-15,
294,1984-05-20,1972-05-15,Visit
294,2005-11-13,1989-07-12,Visit
294,1990-03-03,1969-02-18,
294,2013-09-16,1998-07-22,Requested
294,2018-02-21,1979-05-01,Visit
294,2005-08-22,1982-02-02,Visit
294,2023-04-13,2002-11-10,Visit
294,2011-08-19,1999-08-10,
294,2004-10-22,1978-11-18,Visit
294,2018-12-14,2013-09-21,Requested
294,1985-01-02,1975-12-21,Requested
295,2024-11-23,2022-02-21,Requested
296,2014-05-27,2011-04-28,Cancelled Due To Death
296,2014-06-07,2000-01-26,Cancelled Due To Death
298,1970-04-09,1970-01-11,Arrived
298,1982-11-28,1980-11-01,
298,2014-05-27,1943-06-09,Arrived
298,2020-04-18,1991-12-04,Arrived
299,2000-01-06,1976-11-06,Visit
299,1950-11-20,1925-09-17,
299,1977-08-08,1933-12-27,Patient Walked Out
300,2016-01-12,1971-05-27,Requested
303,2026-05-02,1995-09-08,Finished
303,1991-07-30,1981-01-31,Cancelled Due To Death
303,2025-04-28,1987-07-20,
303,1989-09-17,1969-11-21,Cancelled by Other Service
304,2000-01-04,1959-10-03,Cancelled by Other Service
304,1943-12-16,1930-05-26,Visit
304,1999-06-16,1960-01-31,Finished
304,1998-01-09,1993-10-21,Requested
304,2014-09-23,1944-01-14,Blocked
304,1997-11-27,1963-10-12,Cancelled Due To Death
304,1995-11-14,1975-12-15,Did Not Attend
304,1962-10-08,1945-06-05,Arrived
304,1986-07-08,1981-07-02,In Progress
304,1964-08-23,1932-01-18,Waiting
304,2010-02-18,1929-11-02,Finished
305,2017-02-27,2015-06-07,Patient Walked Out
305,2021-06-13,1999-12-22,Visit
306,2026-04-12,2024-03-13,Did Not Attend
306,2026-09-09,2022-10-30,No Access Visit
306,2026-08-01,2025-10-15,
306,2025-05-28,2023-08-23,Finished
307,2016-01-24,2014-09-15,Waiting
307,2025-02-17,2018-11-26,Cancelled by Patient
307,2021-12-28,2015-08-05,Visit
308,2019-10-14,1917-10-09,In Progress
308,1993-04-14,1939-12-07,In Progress
308,1993-12-01,1931-03-12,Cancelled Due To Death
308,1996-10-26,1967-02-04,Patient Walked Out
309,2016-01-05,1955-03-11,Cancelled by Other Service
309,1962-04-04,1952-08-25,Patient Walked Out
309,1996-09-12,1951-01-06,Arrived
309,1965-12-12,1956-09-24,Did Not Attend
309,1970-08-23,1962-11-16,Cancelled by Other Service
309,1986-05-02,1953-10-23,Arrived
309,1986-01-11,1949-08-07,Booked
309,2009-05-22,1962-03-29,Visit
309,1973-10-17,1960-04-07,Requested
311,1975-02-15,1956-02-17,No Access Visit
311,1983-08-25,1959-11-18,Visit
311,1942-12-20,1931-03-10,Patient Walked Out
311,2020-08-07,1964-06-25,Arrived
311,1978-04-08,1962-08-26,Finished
311,2018-10-19,1937-07-12,Cancelled by Patient
312,2010-09-18,2008-06-19,Did Not Attend
312,2016-01-04,1997-06-28,Finished
312,2016-12-02,2006-01-16,Blocked
312,2026-06-18,2012-02-16,Finished
312,2020-11-07,1989-10-24,
312,2009-06-12,1990-02-04,No Access Visit
312,2007-10-22,2005-02-15,Did Not Attend
312,2017-03-05,2005-11-26,Booked
312,2001-11-05,1988-12-31,Finished
312,2015-11-29,1992-03-26,Booked
312,2019-08-23,1986-02-28,
312,2022-08-02,1999-10-30,Blocked
312,2015-03-14,1997-10-03,
313,1982-10-17,1957-12-13,Waiting
314,2017-10-17,1999-03-05,In Progress
314,1913-03-08,1909-03-19,Patient Walked Out
314,1946-05-24,1910-04-24,Cancelled by Other Service
314,1991-01-12,1928-11-04,
314,1981-08-07,1942-01-06,Cancelled Due To Death
314,2023-03-19,1938-09-18,Arrived
314,1950-07-09,1921-06-11,Finished
314,2025-01-19,1951-04-24,In Progress
314,2015-07-09,2009-02-18,Patient Walked Out
315,2023-11-22,1999-11-03,
316,2020-01-30,1940-11-20,
316,1978-01-22,1969-02-09,
316,1995-04-30,1986-06-20,Waiting
316,2009-12-18,1966-06-08,Waiting
318,1999-09-27,1989-03-16,Cancelled Due To Death
318,2010-06-16,1981-01-28,Did Not Attend
318,1978-10-28,1971-10-12,Visit
318,2010-09-11,1968-10-22,Patient Walked Out
318,2008-07-07,2006-03-08,In Progress
318,2000-02-21,1968-11-20,Blocked
318,1995-10-31,1974-12-04,Finished
318,2007-04-15,1978-06-10,Visit
319,1988-01-19,1984-03-27,Blocked
321,2024-05-11,2021-06-13,Cancelled Due To Death
321,2025-05-16,2014-01-21,Did Not Attend
321,2018-08-30,2016-01-26,Cancelled by Unit
321,2018-05-14,2015-05-22,Blocked
322,2025-07-23,2018-10-22,Requested
323,2010-02-02,1957-11-15,In Progress
323,2010-01-30,1994-07-11,Blocked
323,1965-01-18,1957-12-01,Arrived
323,1968-07-20,1937-08-04,Did Not Attend
323,1972-04-11,1946-12-16,Cancelled Due To Death
323,1982-05-04,1982-04-02,Cancelled by Patient
323,1976-04-24,1965-04-17,Visit
323,2011-01-30,1956-07-11,In Progress
323,1967-07-18,1964-09-05,Cancelled by Other Service
325,1986-12-17,1983-06-27,Waiting
325,1971-04-24,1961-06-12,Cancelled by Other Service
325,2025-09-07,2008-04-25,Cancelled Due To Death
325,1988-07-02,1964-08-09,Visit
325,1998-07-18,1982-08-27,Patient Walked Out
325,2010-04-20,2002-03-15,Arrived
325,2005-07-06,1983-06-21,No Access Visit
325,2008-09-18,1956-05-26,Cancelled by Patient
326,1977-03-30,1945-05-16,Finished
326,2010-08-17,1963-11-14,Blocked
326,1984-01-14,1959-02-07,Booked
326,1993-02-14,1992-09-02,In Progress
327,2024-01-13,2013-04-24,Patient Walked Out
328,2016-10-18,1977-01-18,Cancelled Due To Death
328,1965-04-21,1941-06-01,
328,1982-11-22,1964-03-16,Visit
328,1994-10-05,1945-09-22,Cancelled Due To Death
328,2011-10-26,1986-06-14,In Progress
328,1976-05-20,1956-04-25,Cancelled by Unit
328,2011-12-14,1978-02-19,
328,1981-07-30,1980-03-09,Visit
328,2008-09-28,1948-08-03,Visit
328,1994-10-31,1979-07-31,In Progress
328,2015-12-08,1987-11-10,Did Not Attend
328,2023-05-14,1981-12-05,In Progress
329,2019-03-08,2015-06-15,Did Not Attend
329,2022-04-03,2019-02-28,Cancelled by Other Service
329,2025-10-17,2018-01-06,Did Not Attend
329,2016-06-19,2010-06-28,Cancelled by Other Service
332,2012-04-19,1945-11-23,Arrived
332,2004-08-02,1951-09-16,Requested
332,1999-05-17,1965-08-04,Cancelled by Other Service
332,2002-07-11,1954-04-10,
332,1983-05-16,1964-08-28,In Progress
332,2013-10-07,1924-06-10,Finished
332,1968-10-19,1933-01-01,Did Not Attend
332,1945-01-22,1930-07-01,
332,2014-08-08,1978-08-29,Patient Walked Out
332,1991-03-09,1972-07-26,Visit
333,1987-07-31,1981-07-31,Visit
333,2016-07-15,1959-02-03,Patient Walked Out
333,2019-04-07,1950-10-20,Cancelled Due To Death
333,1999-10-30,1960-07-11,Cancelled Due To Death
333,2020-02-17,1951-02-26,Did Not Attend
333,2018-01-07,2002-06-13,Did Not Attend
335,1952-09-18,1930-03-12,No Access Visit
335,2015-08-29,2004-07-27,Cancelled by Unit
335,1967-09-10,1930-06-13,Cancelled by Unit
335,1949-01-27,1935-07-27,Waiting
335,2021-03-21,1998-12-22,Did Not Attend
335,1961-10-18,1923-01-18,Did Not Attend
335,1941-10-05,1924-02-19,Requested
335,2015-12-20,1935-03-17,Booked
335,1950-08-13,1915-09-02,Finished
335,1932-03-30,1923-08-16,No Access Visit
335,2010-03-06,1965-10-29,Cancelled by Unit
336,1927-04-20,1914-10-26,In Progress
336,1997-04-02,1992-06-14,Waiting
337,1987-03-26,1929-08-11,Visit
337,1944-05-07,1942-11-24,Requested
337,2015-12-26,1964-06-28,Requested
337,1983-08-18,1969-12-30,In Progress
337,2022-01-21,1938-12-28,Visit
337,1987-08-31,1979-01-17,Blocked
337,2009-10-28,1968-03-19,Visit
337,1997-06-21,1934-02-20,Cancelled Due To Death
338,2026-03-05,2001-01-12,Visit
338,2021-08-03,2007-08-13,Finished
338,2018-09-09,2004-03-11,Visit
338,2019-03-23,2015-03-18,Patient Walked Out
338,2020-06-20,2005-07-21,Did Not Attend
338,2021-12-06,2019-12-10,In Progress
339,2019-11-07,2016-01-19,Patient Walked Out
340,1998-09-25,1982-09-13,Finished
340,2026-05-13,1979-04-15,Booked
340,1989-06-18,1988-10-31,Cancelled Due To Death
340,1997-10-30,1975-04-23,Finished
342,1965-09-20,1959-04-29,Requested
342,1998-11-13,1954-01-17,Patient Walked Out
342,2005-01-11,1961-04-12,Cancelled Due To Death
342,1955-07-03,1947-04-28,Patient Walked Out
343,2020-11-23,2010-06-09,Patient Walked Out
343,1994-03-07,1946-09-05,Arrived
343,2016-11-14,2010-12-25,Finished
345,1965-10-30,1961-03-25,Did Not Attend
345,1925-09-17,1914-06-05,Did Not Attend
345,1991-11-14,1953-09-08,Cancelled by Patient
345,1990-02-23,1939-07-24,Cancelled by Patient
345,1997-12-27,1920-05-18,Did Not Attend
345,1958-01-17,1936-05-25,Finished
345,2002-04-06,2001-07-03,Did Not Attend
346,2023-09-13,2022-05-08,Arrived
346,2022-12-21,2020-10-18,Booked
346,2023-10-04,2023-04-19,Patient Walked Out
346,2024-11-13,2020-10-14,Visit
346,2024-01-12,2021-10-18,Finished
346,2025-06-11,2021-04-08,Requested
346,2023-11-08,2022-03-29,Visit
346,2025-06-16,2020-12-25,Patient Walked Out
346,2021-03-05,2020-07-23,Finished
346,2024-09-23,2020-11-30,Requested
346,2023-11-24,2021-04-02,Arrived
346,2022-07-26,2021-06-21,
346,2026-01-09,2021-06-14,Patient Walked Out
346,2026-03-10,2024-04-23,Arrived
346,2024-08-11,2021-05-14,
346,2025-10-15,2022-01-04,
347,1998-05-19,1926-12-15,No Access Visit
347,2010-03-27,1962-06-01,Patient Walked Out
348,2020-07-19,2016-06-18,Arrived
349,2007-12-24,1996-11-10,Arrived
349,2016-05-26,1989-10-13,Visit
349,2025-02-02,2009-03-06,Finished
349,1984-11-02,1983-09-12,Did Not Attend
349,2011-05-30,1985-09-05,Cancelled Due To Death
349,1986-01-28,1984-02-04,Cancelled Due To Death
350,2022-11-22,1988-11-03,Cancelled by Other Service
351,2002-05-09,1962-05-09,Visit
351,1932-06-20,1928-03-03,
351,2007-12-24,1998-06-21,Visit
351,1959-02-10,1956-04-04,Visit
351,2009-01-18,1968-08-16,Visit
351,1956-10-29,1939-01-23,Blocked
351,2000-07-27,1996-07-11,Blocked
354,1977-02-10,1954-07-23,Cancelled by Unit
354,2006-04-10,1983-05-06,Cancelled by Unit
354,1978-01-25,1964-05-31,Requested
354,1987-04-24,1949-06-12,Visit
355,1997-11-01,1974-04-06,
355,1996-06-13,1981-12-03,Arrived
356,2000-05-29,1947-09-30,Arrived
356,1954-03-10,1949-12-06,No Access Visit
356,2006-11-20,1995-05-23,Arrived
356,2008-11-12,1955-02-05,Did Not Attend
356,1999-10-17,1951-03-10,Did Not Attend
358,2009-01-07,1997-11-22,Cancelled Due To Death
358,2005-04-24,2003-04-13,Finished
360,2024-08-22,2021-02-12,Blocked
360,2023-11-03,2023-06-14,Booked
360,2026-09-02,2023-04-11,Booked
360,2025-06-07,2023-12-15,In Progress
360,2024-03-07,2023-05-11,Requested
360,2025-05-07,2021-08-20,No Access Visit
360,2024-10-02,2024-05-18,In Progress
360,2021-11-22,2021-04-22,Booked
360,2025-08-02,2023-10-18,No Access Visit
360,2024-05-29,2023-04-27,No Access Visit
360,2026-08-15,2024-02-25,Patient Walked Out
360,2022-11-08,2022-09-09,Patient Walked Out
360,2026-07-02,2021-05-28,Finished
360,2025-05-11,2025-02-11,Blocked
360,2024-05-31,2022-03-24,In Progress
360,2023-07-24,2022-06-05,Did Not Attend
361,1943-01-17,1916-03-21,In Progress
361,1982-11-16,1935-01-08,Patient Walked Out
361,2014-03-22,1991-06-18,In Progress
361,1993-12-14,1983-10-02,Did Not Attend
361,2017-04-16,1927-10-11,Did Not Attend
362,2024-08-10,2024-03-24,Did Not Attend
362,2025-09-02,2024-06-26,Patient Walked Out
362,2023-08-21,2021-05-08,No Access Visit
362,2026-07-11,2022-01-29,
363,1996-03-13,1949-12-12,In Progress
363,2006-03-04,1995-10-01,Patient Walked Out
363,1997-01-05,1948-08-28,In Progress
363,2005-09-10,1983-07-04,In Progress
364,2000-05-11,1927-06-21,In Progress
364,2026-01-18,1958-09-15,Patient Walked Out
364,1960-11-25,1917-11-22,Blocked
364,1949-03-05,1934-10-11,Did Not Attend
364,2002-06-23,2002-04-08,Cancelled Due To Death
366,2000-09-27,1952-02-01,In Progress
366,1988-09-13,1983-01-21,Requested
366,1996-07-28,1962-09-08,Did Not Attend
366,2020-08-13,1958-08-19,Finished
366,1952-05-06,1949-11-13,Cancelled Due To Death
366,1982-04-21,1958-05-09,Requested
366,2008-02-04,1951-01-02,In Progress
366,1993-01-03,1990-05-22,Did Not Attend
366,2012-12-19,1974-01-30,
366,1959-07-15,1957-06-22,Requested
366,1990-07-19,1981-11-13,Arrived
366,1947-04-29,1945-10-19,Finished
366,2013-01-30,2000-11-16,Arrived
367,2001-04-02,1998-07-22,Finished
367,2002-08-26,1977-11-24,
367,2013-08-28,1993-03-03,
367,2022-01-24,1985-08-18,Did Not Attend
367,2010-03-07,2003-05-30,Arrived
367,2023-02-05,1989-11-01,In Progress
367,2023-12-05,1981-03-08,
367,1988-12-09,1974-05-04,Patient Walked Out
367,2015-09-06,1985-06-13,
367,1989-11-02,1987-09-23,Did Not Attend
367,2020-07-20,2017-03-11,Visit
367,2010-01-23,1989-10-24,Patient Walked Out
367,1999-10-28,1985-06-30,In Progress
370,2018-04-16,2014-01-25,Requested
370,2026-04-08,2021-11-18,Arrived
370,2018-06-10,2015-01-15,Did Not Attend
370,2022-04-20,2017-08-04,Requested
371,2022-11-25,2021-04-02,Did Not Attend
371,2024-03-21,1983-07-28,Cancelled Due To Death
371,2022-03-29,2006-11-15,Arrived
371,2011-01-05,2005-06-22,Patient Walked Out
371,2021-06-01,2005-06-07,Cancelled Due To Death
371,2016-09-01,1981-12-27,
371,2024-01-16,2023-10-16,Finished
372,2018-01-09,2000-03-27,
372,2025-08-04,2020-07-04,Finished
372,1983-07-17,1981-04-16,Cancelled by Unit
372,2013-06-05,2008-12-23,In Progress
372,2026-06-16,1996-04-25,Finished
373,1960-10-13,1944-02-05,Booked
374,2023-10-02,2011-09-01,Finished
374,2009-08-11,2008-08-13,Finished
374,2026-04-21,2017-07-23,
375,2016-11-06,1933-07-05,In Progress
375,1989-04-24,1951-11-13,Cancelled by Unit
375,2002-07-26,1961-02-05,Cancelled by Unit
376,1998-08-29,1989-03-18,Waiting
376,1992-06-22,1981-10-20,
377,2024-02-17,2001-11-30,Visit
377,2008-08-27,1998-10-02,Cancelled by Unit
377,2020-12-04,2000-10-18,No Access Visit
377,2018-10-16,2008-11-03,In Progress
378,1986-05-27,1982-05-10,In Progress
378,2022-02-22,1990-11-20,
378,2008-11-29,1980-03-08,In Progress
378,2008-08-22,1995-12-02,In Progress
378,1984-07-04,1965-08-03,Waiting
378,1981-08-17,1969-02-25,Waiting
378,2014-03-04,1978-10-31,
379,2005-08-30,1995-05-23,Patient Walked Out
379,1979-02-14,1978-04-16,Did Not Attend
379,1987-01-09,1979-03-11,Waiting
379,1947-02-12,1926-10-09,Cancelled Due To Death
379,2002-09-04,1953-07-19,Patient Walked Out
379,1953-10-15,1939-01-04,In Progress
380,2023-12-24,1999-04-25,
380,2023-12-04,1986-05-05,Finished
380,2008-10-13,1991-02-10,Arrived
380,2022-01-20,1993-06-03,Did Not Attend
380,2020-04-18,1981-12-01,Cancelled by Unit
380,2025-08-12,1987-03-18,In Progress
380,2005-02-17,1996-09-27,Visit
380,2026-02-19,1988-04-13,Visit
380,2005-03-20,1994-02-25,Patient Walked Out
380,2015-10-22,1999-11-09,No Access Visit
380,2000-02-05,1992-07-14,Patient Walked Out
380,2018-07-31,2011-09-10,Patient Walked Out
380,1994-10-16,1993-08-03,Arrived
381,1991-10-22,1988-09-20,Cancelled Due To Death
381,1994-01-18,1974-11-03,Arrived
382,1936-06-23,1935-04-21,
382,1980-11-12,1977-11-08,
383,1988-03-13,1964-10-24,Cancelled Due To Death
383,1957-02-09,1931-07-26,Blocked
383,2025-12-31,1961-02-20,Arrived
385,2024-03-02,2023-11-19,Finished
385,2026-08-08,2021-11-11,In Progress
385,2025-06-08,2024-03-09,Did Not Attend
385,2025-07-18,2024-03-17,Waiting
385,2023-10-21,2021-02-17,Blocked
385,2023-11-25,2020-06-10,Arrived
385,2023-05-31,2021-02-26,Cancelled by Other Service
385,2025-02-04,2021-11-10,Cancelled Due To Death
385,2025-02-18,2021-04-23,Patient Walked Out
385,2020-11-12,2018-11-27,Cancelled by Unit
385,2025-11-03,2020-11-08,Waiting
385,2026-05-12,2019-01-19,
385,2020-09-23,2019-05-28,In Progress
386,2026-01-16,2011-08-15,In Progress
387,2012-09-03,1971-09-25,Patient Walked Out
387,2007-11-18,2006-09-17,Requested
387,2005-09-25,1970-01-27,Finished
387,2004-02-29,2002-12-31,Finished
387,1991-05-09,1973-05-24,
387,2019-09-16,2013-10-14,Visit
388,2011-03-25,1917-05-20,
389,2026-08-26,2026-01-15,Finished
389,2026-05-24,2025-10-12,In Progress
389,2024-09-12,2024-07-02,Visit
389,2025-12-08,2022-10-27,Blocked
390,2000-06-24,1999-05-01,Booked
390,1993-09-13,1986-12-19,
390,1995-11-19,1994-01-09,Booked
390,2009-06-17,1986-03-26,Booked
390,2017-03-20,2007-10-27,Booked
391,2017-12-05,1999-06-15,Finished
392,1965-12-22,1964-01-04,
392,1995-12-30,1983-01-20,Did Not Attend
393,2016-07-28,1984-04-05,In Progress
394,1982-04-22,1920-11-17,Cancelled Due To Death
394,2009-12-30,1970-11-14,Blocked
394,2020-10-17,1992-04-08,Visit
395,2006-01-20,1970-11-24,Did Not Attend
396,2006-07-27,1995-01-03,Arrived
397,2025-05-10,2024-03-24,Finished
397,2026-08-27,2024-10-30,Did Not Attend
397,2026-07-24,2024-07-16,Did Not Attend
398,2018-01-04,2004-04-12,Cancelled by Unit
399,2025-02-10,2024-03-29,Requested
399,2026-04-25,2025-09-27,
399,2024-10-29,2024-03-31,
400,1991-11-19,1990-01-23,Finished
400,2011-11-15,2007-02-07,Arrived
400,2019-12-12,1982-11-16,Patient Walked Out
400,2004-07-13,1989-08-02,Blocked
400,2012-11-08,2008-06-16,Booked
401,2017-10-02,2004-03-26,Arrived
401,2019-01-07,1977-01-15,Visit
401,1986-09-02,1977-08-28,Cancelled by Other Service
401,2019-12-16,2000-04-21,Did Not Attend
401,2010-06-20,1986-11-09,In Progress
401,2001-10-27,1990-10-30,Cancelled by Patient
401,2009-09-17,1982-08-06,Arrived
401,1976-11-01,1976-02-26,Arrived
401,2021-07-26,1978-05-14,Finished
401,2010-07-05,1983-10-09,Blocked
401,1998-09-27,1987-10-28,Visit
401,2025-01-17,1977-11-30,Did Not Attend
402,2020-09-03,2002-05-23,Requested
402,2008-06-20,1977-08-22,No Access Visit
403,2026-07-17,1966-06-01,Did Not Attend
403,2009-01-13,1969-03-07,Did Not Attend
403,2013-06-10,2000-10-16,
403,2017-03-01,1987-01-04,
403,1979-11-26,1973-01-23,
403,2008-03-25,2004-02-16,Did Not Attend
404,2017-09-20,2008-08-13,Finished
404,2024-05-30,2010-04-25,
404,2025-10-30,2017-06-22,Finished
404,2024-04-12,2023-11-15,Finished
404,2025-06-19,2015-07-27,Arrived
404,2017-05-20,2009-03-25,
404,2023-11-20,2023-07-21,
405,2021-12-24,2016-06-07,Did Not Attend
405,1995-10-12,1988-04-04,Finished
405,1982-11-10,1969-06-29,
405,2001-09-10,1967-06-15,
405,2005-06-22,1998-07-03,Finished
405,2003-06-06,1979-03-06,Finished
405,1987-08-07,1965-07-19,
405,1995-01-03,1969-05-13,
405,2019-03-24,1977-03-31,Did Not Attend
406,2012-02-10,2007-07-05,Arrived
406,2024-02-22,2012-12-24,Booked
406,2007-10-13,2000-04-21,Arrived
406,2012-07-30,2000-10-10,
406,2014-02-28,2003-04-13,
406,2013-06-10,2008-01-12,Arrived
407,2023-02-11,2015-10-28,Visit
407,2022-01-22,2021-12-03,Did Not Attend
408,2000-05-16,1958-05-06,Cancelled by Other Service
408,1979-08-14,1968-11-13,Patient Walked Out
408,2008-09-05,1948-01-28,Patient Walked Out
408,2025-05-10,1981-07-05,Booked
408,1957-03-08,1944-09-08,Finished
408,1939-02-16,1921-02-12,Did Not Attend
408,1958-11-21,1937-02-08,
408,1960-04-19,1956-06-16,Visit
408,2013-04-14,1931-02-12,Cancelled by Patient
408,1980-09-04,1940-10-23,Patient Walked Out
408,1941-03-07,1918-09-28,In Progress
408,1993-12-06,1936-01-12,Finished
408,2001-06-08,1936-12-09,Cancelled by Unit
408,1998-08-21,1920-12-02,Cancelled Due To Death
408,1961-08-01,1927-12-30,Cancelled Due To Death
409,2024-12-16,1994-02-02,Cancelled by Unit
409,1952-11-27,1950-08-23,Cancelled by Patient
409,2019-09-08,1948-12-03,Cancelled Due To Death
409,2018-09-06,1992-03-03,Arrived
410,1985-11-17,1985-04-20,In Progress
410,2016-09-29,1986-03-17,Cancelled by Other Service
410,1993-08-15,1993-06-07,Patient Walked Out
410,2005-05-05,1994-07-30,Arrived
410,2024-11-08,1985-08-10,No Access Visit
410,2025-12-07,2007-10-26,Cancelled by Other Service
411,2007-10-23,1917-05-17,Cancelled by Patient
412,1972-03-02,1970-01-18,
412,1984-01-30,1963-12-05,Waiting
413,2006-01-19,1973-05-13,Blocked
413,2003-10-02,1971-05-25,In Progress
413,1998-10-30,1970-08-28,Cancelled Due To Death
414,2000-12-27,1994-08-25,Cancelled by Patient
414,2010-04-15,1976-10-28,Waiting
415,2023-05-06,2020-01-06,Arrived
415,2024-06-26,2013-07-06,Patient Walked Out
415,2019-08-19,2012-09-20,Finished
415,2024-01-11,2015-09-13,In Progress
415,2022-07-30,2017-02-07,Waiting
415,2026-01-27,2024-04-19,Cancelled by Patient
416,2019-11-03,1984-01-18,Did Not Attend
416,2026-07-10,2010-05-08,
417,1969-06-13,1953-08-28,Booked
417,1955-09-10,1915-06-05,
417,1988-01-07,1949-05-13,
417,1961-10-09,1933-02-14,Booked
417,1999-07-12,1969-09-19,Booked
417,2026-01-21,1980-09-02,Booked
417,1953-06-15,1941-04-21,Booked
417,1998-02-21,1974-10-19,
417,1977-10-07,1947-01-14,Booked
417,1978-03-31,1930-07-24,Arrived
417,1932-03-09,1914-04-02,Arrived
420,2026-03-06,2017-02-27,Arrived
420,2019-12-18,2014-07-20,No Access Visit
421,2026-08-27,2025-02-10,
421,2025-11-17,2025-06-23,
422,2026-08-27,2024-04-19,Cancelled by Other Service
422,2020-01-18,2019-06-20,Patient Walked Out
422,2026-08-25,2022-03-07,
422,2023-05-24,2017-01-28,Cancelled Due To Death
422,2020-04-15,2020-03-21,Arrived
422,2025-10-20,2024-01-13,Cancelled by Other Service
423,1995-02-14,1989-04-11,
423,2018-08-03,1961-02-05,Did Not Attend
423,1999-05-27,1966-02-12,Did Not Attend
423,2023-07-08,2011-03-11,Cancelled by Other Service
423,1973-03-09,1958-03-22,In Progress
423,1999-02-16,1966-11-24,Visit
423,1991-09-25,1988-03-03,Cancelled by Other Service
423,1986-01-10,1971-05-26,Did Not Attend
423,1997-09-10,1985-06-20,Did Not Attend
423,2015-05-22,1981-02-11,Requested
423,2016-02-26,2011-07-30,Did Not Attend
423,1990-06-14,1984-02-03,Requested
423,1971-06-25,1956-03-21,In Progress
424,2025-06-08,2023-12-31,Visit
424,2025-01-13,2024-08-05,Visit
424,2025-09-27,2025-02-22,Visit
424,2025-11-07,2025-02-10,Visit
425,2025-06-24,1997-03-17,Requested
425,2024-11-01,2006-07-29,Blocked
425,2000-08-05,1995-03-17,Did Not Attend
426,1950-10-19,1929-03-02,In Progress
428,1998-11-07,1992-04-04,Did Not Attend
428,2012-12-30,1993-10-31,
429,2017-01-02,2006-05-08,In Progress
429,2019-04-29,2005-04-17,Patient Walked Out
430,2024-04-05,2024-03-13,Cancelled by Patient
430,2025-11-30,2025-04-11,Visit
430,2026-04-03,2025-07-08,Booked
432,2002-05-11,1964-02-27,Arrived
434,2026-03-26,2021-10-03,Booked
434,2017-07-05,2006-10-02,Booked
434,2011-04-02,2008-11-25,Patient Walked Out
434,2011-01-01,2004-08-27,Visit
434,2024-07-10,2018-09-04,No Access Visit
434,2020-07-08,1998-11-09,No Access Visit
434,2018-09-17,2001-07-24,Did Not Attend
435,2023-05-28,2023-05-03,
436,2016-05-28,2016-05-07,Booked
436,2026-09-12,2023-03-06,Visit
437,2019-10-28,1961-09-18,Requested
437,2019-10-28,1997-03-04,Patient Walked Out
437,2026-09-18,2001-07-05,In Progress
437,1983-04-04,1964-03-28,Requested
438,1969-05-22,1957-07-14,
438,2019-10-28,1974-09-12,Arrived
438,2011-05-27,1990-08-17,No Access Visit
438,1959-09-07,1949-12-15,Arrived
438,2014-11-25,2011-05-27,Requested
438,2011-05-27,1968-09-04,In Progress
438,2022-03-31,2014-06-27,Cancelled by Unit
438,1957-07-14,1947-10-07,No Access Visit
438,1987-09-17,1964-03-28,In Progress
438,2014-06-27,1985-02-10,Patient Walked Out
439,2016-05-15,2015-12-31,Did Not Attend
440,2025-06-27,2020-04-14,Cancelled by Unit
440,2019-01-29,2019-01-15,Arrived
440,2021-12-18,2016-03-24,Arrived
440,2024-06-06,2020-05-17,Arrived
440,2023-12-02,2016-08-22,Requested
441,1976-05-12,1971-01-20,Waiting
441,1998-12-08,1981-01-21,
441,2018-10-24,1964-01-02,Waiting
441,1985-12-17,1940-10-17,Waiting
441,1946-07-14,1924-02-20,
441,2024-06-16,1985-08-05,In Progress
441,2008-02-02,1994-06-13,In Progress
441,1964-06-27,1921-11-03,
441,2021-07-20,2011-08-18,
441,2015-12-20,2004-10-26,In Progress
441,2008-10-07,1953-07-25,
441,2021-07-09,1961-08-29,In Progress
441,2010-05-26,1922-04-13,
441,1973-10-14,1933-10-19,Waiting
442,2017-12-17,2008-10-16,Did Not Attend
442,2022-04-22,2012-04-11,
442,2008-09-29,2002-05-27,
442,2023-07-21,2018-07-13,Did Not Attend
442,2021-11-11,2014-04-05,Finished
442,2016-05-29,2011-02-25,Finished
444,2023-11-27,2020-03-31,Arrived
444,2013-09-02,1988-03-30,Cancelled by Other Service
444,2018-11-12,2006-08-07,Blocked
444,2014-11-02,1988-01-17,Finished
444,2010-03-04,2009-01-04,Patient Walked Out
444,2008-08-09,1990-05-09,Visit
446,2001-04-07,1993-10-08,Did Not Attend
446,2005-08-01,1993-02-25,Booked
446,2019-09-06,1990-09-06,Did Not Attend
447,1981-05-29,1965-02-21,Visit
447,2010-07-22,1959-04-08,Finished
450,2017-12-23,2017-04-29,Visit
451,2023-03-27,2020-06-24,Booked
451,2021-11-18,1998-10-28,Finished
452,2014-03-23,1971-09-17,In Progress
452,1946-12-17,1918-05-24,Patient Walked Out
452,1982-07-29,1934-07-21,In Progress
453,2026-09-09,2016-09-09,
455,1999-08-26,1993-01-06,No Access Visit
455,2013-10-11,1997-03-24,
455,1999-08-05,1987-03-18,Blocked
455,2018-01-14,2005-06-22,
455,2021-03-14,2003-12-23,Visit
456,2025-03-17,1989-12-24,
456,1984-11-12,1964-10-09,Patient Walked Out
456,2003-03-01,1996-10-05,
456,1973-04-13,1968-05-27,Cancelled by Unit
456,2014-05-23,1970-03-31,Cancelled by Patient
457,1946-09-19,1938-07-15,Patient Walked Out
457,1959-07-30,1925-11-02,In Progress
458,2011-09-01,1918-07-29,Blocked
458,2014-06-26,1978-06-06,Blocked
458,1964-01-14,1926-09-26,Patient Walked Out
459,2008-06-10,2005-02-15,Finished
459,2023-12-18,2003-08-01,In Progress
459,2013-05-30,2002-11-22,No Access Visit
459,2023-08-21,2015-11-09,Patient Walked Out
459,2024-06-24,2019-11-12,Cancelled by Unit
459,2014-01-07,2000-02-08,Did Not Attend
459,2019-09-01,2004-09-20,Cancelled Due To Death
459,2004-04-04,1999-06-01,In Progress
459,2008-10-30,2004-03-11,Booked
459,2010-10-11,1999-04-17,In Progress
459,2023-01-21,2000-08-02,Visit
459,2019-10-31,2019-06-21,Did Not Attend
459,2016-05-14,2012-06-08,Cancelled by Patient
459,2015-04-30,2004-01-10,No Access Visit
459,2013-10-18,2010-09-14,Cancelled by Other Service
459,2011-08-03,2010-01-21,Cancelled by Patient
459,2022-10-11,2006-04-09,Booked
459,2023-12-11,2014-11-04,Finished
459,2019-08-16,2009-01-04,Cancelled by Other Service
459,2002-08-30,2001-11-28,Finished
459,2021-05-23,2004-03-05,Blocked
460,2016-05-04,1962-08-13,Cancelled by Patient
460,1992-09-20,1960-09-08,Cancelled by Patient
460,1996-05-22,1969-12-29,Finished
460,2021-02-25,1990-12-25,Booked
460,2009-04-11,1999-10-11,Finished
460,2008-06-28,2000-04-14,
460,1989-11-20,1961-07-23,No Access Visit
460,2016-09-22,2009-04-03,In Progress
460,2017-03-02,1964-05-29,
460,2001-11-05,1995-01-14,
461,1972-04-24,1968-03-31,Patient Walked Out
461,1964-07-05,1949-12-06,Finished
461,2024-01-26,2018-05-27,Arrived
461,2021-11-26,1976-11-05,Cancelled by Unit
461,2016-05-28,2012-04-01,Cancelled Due To Death
461,2016-08-14,2004-12-20,Finished
461,2008-01-05,1953-03-01,Arrived
461,1983-10-30,1965-01-20,In Progress
461,1997-07-26,1958-06-08,Cancelled Due To Death
461,1998-07-05,1953-03-15,Waiting
461,1999-10-17,1986-02-19,Finished
461,2012-03-18,1968-04-21,Cancelled by Unit
461,1969-02-19,1951-08-04,No Access Visit
462,2024-05-09,2008-07-14,Visit
463,2026-08-24,2019-11-17,Cancelled by Patient
463,2019-03-13,2018-07-24,
463,2019-11-06,2019-03-09,Arrived
463,2025-11-08,2022-07-20,Cancelled by Patient
463,2026-06-28,2018-01-08,Cancelled by Other Service
464,2018-10-14,1950-04-28,
464,2016-12-01,1966-06-06,Visit
467,2023-10-31,1984-05-17,Finished
467,1977-09-01,1965-04-01,Finished
467,1955-08-03,1935-12-28,
467,1937-05-11,1926-07-20,Blocked
467,1969-10-25,1942-07-04,Finished
467,1974-02-26,1929-01-14,Cancelled Due To Death
467,1987-10-19,1930-03-27,Finished
467,1948-04-01,1945-02-26,Finished
467,1971-11-22,1940-03-13,Cancelled Due To Death
469,2012-12-23,1997-03-14,Requested
469,2023-10-25,2014-11-16,Visit
469,2003-04-05,2002-12-26,
469,2025-04-12,1998-04-22,Visit
469,2013-12-25,2009-03-25,Visit
469,2009-12-10,2009-05-23,Requested
470,2015-03-05,2005-11-04,Finished
470,2021-10-15,2014-01-05,In Progress
470,2024-06-25,2023-11-15,
470,2024-10-10,2010-02-11,Did Not Attend
470,2013-04-02,2002-04-17,Cancelled by Unit
470,2024-04-22,2006-06-27,Did Not Attend
470,2024-01-21,2020-12-27,Finished
470,2006-12-31,2003-06-08,Finished
471,1993-09-10,1993-08-27,
472,2022-10-17,2019-03-30,Did Not Attend
472,2026-07-19,2018-08-23,Cancelled by Patient
472,2026-02-10,2024-09-01,Patient Walked Out
472,2024-08-03,2018-10-03,Patient Walked Out
472,2026-08-01,2019-07-09,Cancelled by Other Service
472,2026-03-26,2019-01-05,Finished
472,2024-04-04,2018-01-01,
472,2023-12-07,2019-12-07,Blocked
473,2020-10-16,2014-12-31,Patient Walked Out
473,2002-09-04,1980-10-31,Cancelled by Other Service
473,2013-09-10,1970-08-25,Cancelled by Other Service
473,1978-12-28,1965-01-11,Booked
473,2013-02-11,1965-08-10,Patient Walked Out
473,2000-02-07,1970-06-14,In Progress
474,1952-08-12,1949-07-31,Finished
474,2009-02-14,1944-06-26,Cancelled by Unit
474,2021-08-01,2018-08-21,Cancelled by Unit
474,2011-07-24,1935-04-25,In Progress
474,1970-04-09,1936-12-27,Did Not Attend
474,1992-04-22,1989-05-29,In Progress
474,1977-08-19,1938-06-04,Visit
475,1983-09-06,1943-01-30,Did Not Attend
475,1990-06-24,1939-02-03,Requested
476,2015-01-11,2006-06-27,Visit
476,2022-10-21,1989-07-02,Blocked
476,2016-06-17,1975-03-19,Visit
476,1990-06-13,1988-09-10,Visit
476,2024-01-20,1977-03-07,Patient Walked Out
477,2012-05-29,1988-05-18,Cancelled by Patient
477,1994-09-05,1985-11-22,
477,1982-09-11,1981-11-21,Cancelled by Patient
477,2012-04-30,2001-10-19,Patient Walked Out
477,1993-09-01,1975-09-25,Requested
477,2016-05-16,1998-09-02,
477,1987-04-20,1976-11-27,Finished
477,2009-10-28,1982-02-28,Arrived
477,2012-10-04,1986-07-16,Cancelled by Patient
477,2016-03-12,1995-08-10,Blocked
477,2003-10-26,1990-08-19,Cancelled by Other Service
477,2025-04-09,1980-03-04,Patient Walked Out
477,2009-11-05,1984-04-05,Visit
477,1999-08-27,1998-11-01,Patient Walked Out
477,1992-04-09,1977-08-12,Blocked
479,2023-10-21,1988-01-13,Did Not Attend
479,2012-09-23,1947-04-10,Did Not Attend
479,2018-09-21,1975-07-26,
479,1988-06-13,1974-07-03,
479,2016-10-31,1970-04-26,Did Not Attend
479,1970-09-03,1961-11-01,
479,2002-12-15,1988-09-02,
479,2022-03-27,1986-08-20,Finished
479,1996-01-19,1982-07-22,Did Not Attend
479,2019-07-06,1994-08-23,Finished
479,1997-11-02,1970-11-20,Did Not Attend
480,2009-10-26,2007-07-11,
480,2011-04-12,2007-03-17,Visit
481,2026-03-21,1914-09-18,Visit
481,1984-07-25,1952-01-19,No Access Visit
481,1967-02-02,1941-08-23,Did Not Attend
482,2023-04-08,2006-07-03,Patient Walked Out
482,2019-04-27,2008-04-16,Did Not Attend
483,2026-08-11,2025-11-01,No Access Visit
483,2025-10-09,2025-01-14,In Progress
483,2024-10-31,2024-04-01,Cancelled Due To Death
483,2026-05-11,2024-03-24,Cancelled Due To Death
483,2025-11-01,2023-12-09,In Progress
483,2024-02-27,2023-08-07,
483,2025-03-06,2023-12-21,
485,2020-09-16,2020-03-05,Visit
485,2023-09-20,2022-05-14,Requested
485,2024-09-13,2021-06-26,Visit
485,2024-10-13,2022-10-08,
486,2023-08-20,2019-10-28,Arrived
486,2026-08-27,2022-12-15,Visit
487,2007-02-03,1978-07-02,Did Not Attend
488,2025-04-16,2018-09-09,Finished
488,1997-12-27,1973-10-07,
489,2011-09-20,1970-04-04,Cancelled by Patient
489,1986-01-13,1976-01-14,Waiting
490,2014-08-01,2012-02-26,Cancelled by Unit
490,2024-03-23,2023-01-05,Cancelled by Patient
490,2021-08-07,2012-02-03,Cancelled by Unit
490,2023-04-06,2017-02-15,In Progress
490,2022-05-15,2003-08-29,Finished
490,2021-07-16,1998-10-17,In Progress
490,2011-12-25,2006-08-06,Visit
490,2019-06-27,2014-08-02,No Access Visit
491,2026-09-18,2025-01-10,Requested
491,2025-06-23,2023-10-04,No Access Visit
491,2026-08-27,2026-03-09,Patient Walked Out
491,2025-06-23,2023-11-27,Visit
491,2026-08-27,2023-06-20,Arrived
493,2000-03-29,1985-12-09,Finished
493,2021-01-07,1985-06-03,Finished
493,2005-05-12,1983-06-06,In Progress
493,2021-04-28,2005-07-15,Did Not Attend
493,2006-09-23,2003-03-25,Patient Walked Out
494,2022-05-21,2006-08-22,Did Not Attend
494,2011-01-30,2007-03-01,Arrived
494,2023-08-19,2017-02-20,Cancelled by Patient
494,2015-11-04,2007-03-20,Patient Walked Out
494,2021-07-29,2000-08-14,Cancelled by Unit
494,2020-06-02,2000-01-16,
494,2010-12-19,2004-09-29,Patient Walked Out
494,2018-02-04,2005-02-21,Did Not Attend
494,2024-10-14,2018-02-20,No Access Visit
495,2016-02-24,1998-02-22,Finished
495,2009-11-11,2004-11-14,Cancelled by Unit
495,2012-03-13,2009-06-14,No Access Visit
495,2003-07-09,1997-07-02,Cancelled by Unit
495,2023-10-06,2014-10-17,Cancelled by Unit
495,2023-10-06,2006-07-01,Blocked
495,2026-06-02,1998-07-03,In Progress
495,2016-08-07,2016-06-19,Finished
495,2024-07-17,1999-06-11,In Progress
495,2007-12-23,2004-06-20,
496,2010-04-21,1967-09-30,Visit
496,1954-08-23,1927-12-12,Requested
496,1980-11-12,1958-11-11,Requested
496,1992-05-16,1952-12-14,Visit
496,2000-05-06,1956-05-12,
496,1938-01-05,1929-04-01,Requested
496,2008-09-03,1942-07-25,
497,,2016-08-21,Arrived
497,2025-08-01,2011-05-27,No Access Visit
497,2026-08-27,2019-12-17,Patient Walked Out
497,2025-06-23,2016-06-15,Arrived
497,2018-11-07,2014-06-27,Visit
497,2025-02-15,2019-10-28,Arrived
497,2022-03-20,2014-06-27,
497,2026-09-18,2021-09-27,Patient Walked Out
497,2016-08-22,2011-05-27,
497,2020-08-24,2019-10-28,In Progress
497,,2020-03-21,Requested
497,2024-09-16,2014-06-27,Visit
497,2016-03-31,2011-05-27,In Progress
497,2022-03-12,2011-05-27,
497,2014-06-27,2010-12-10,Cancelled by Unit
499,2026-01-27,1991-05-25,Arrived
499,1992-02-15,1990-03-27,Booked
500,2009-07-15,1970-04-10,Did Not Attend
501,1996-11-20,1947-03-12,Booked
501,2022-01-19,2010-05-15,Arrived
501,2001-03-28,1962-01-24,Finished
501,1952-05-30,1939-03-16,In Progress
501,1987-05-14,1949-08-18,Blocked
501,2024-04-08,2017-08-11,Patient Walked Out
501,1963-01-30,1949-10-10,Finished
501,1983-02-10,1952-01-09,
501,2005-05-11,1938-05-26,Finished
501,1988-06-13,1987-04-21,Cancelled by Patient
503,2021-01-09,2007-09-15,Patient Walked Out
504,2024-12-18,2018-07-09,Finished
505,1989-01-03,1963-01-11,Cancelled by Patient
505,1974-09-19,1973-02-04,Finished
505,2003-01-30,1982-11-13,Finished
505,1982-05-05,1968-02-06,Visit
506,2001-03-04,1990-02-07,Cancelled Due To Death
506,2026-03-14,2022-04-15,Patient Walked Out
506,1990-02-12,1982-01-17,Patient Walked Out
506,2023-12-26,2016-10-25,Visit
506,1998-11-03,1982-09-14,Blocked
506,2022-01-07,1982-05-18,Blocked
506,2006-02-28,1943-04-27,Patient Walked Out
506,2006-12-31,1963-04-08,Visit
506,2004-06-03,1994-05-09,Cancelled Due To Death
506,2001-12-13,1977-06-09,
506,1977-03-25,1935-01-15,Cancelled Due To Death
506,1995-11-08,1935-03-05,
506,1994-05-21,1957-08-20,Cancelled Due To Death
507,2020-10-11,1996-03-09,Cancelled by Other Service
507,2025-04-20,1988-01-01,Finished
507,2014-06-17,2012-04-17,In Progress
508,2014-01-13,2006-10-06,Arrived
508,2018-01-08,1984-08-05,Cancelled by Other Service
508,1956-07-25,1949-09-16,Visit
508,1984-09-02,1958-01-13,Cancelled by Other Service
508,2015-09-06,1971-10-26,Visit
508,1995-04-07,1953-10-30,Cancelled by Patient
508,1962-03-30,1945-07-29,In Progress
510,2021-02-10,2002-12-29,Arrived
510,2021-06-09,2006-07-16,Arrived
510,2006-06-07,1994-07-06,Arrived
510,2017-11-29,1989-07-17,
510,1996-05-14,1993-04-03,
510,2012-05-20,2000-03-22,Arrived
510,2000-02-26,1987-08-05,
511,2007-08-14,1961-08-15,Blocked
512,2026-09-18,1999-04-12,No Access Visit
512,2026-08-27,2012-11-25,In Progress
512,,2012-02-07,Patient Walked Out
513,2023-09-18,2010-03-09,
513,2015-06-12,2013-07-16,Cancelled by Unit
513,2023-04-18,2022-06-18,
513,2015-05-05,2014-11-05,Cancelled by Unit
513,2024-10-08,2015-01-06,
513,2007-11-04,2006-10-21,Arrived
514,1998-01-09,1988-11-10,Did Not Attend
514,1994-08-18,1991-11-23,Waiting
514,2022-12-22,2015-01-10,Finished
